AcidRed871_0gL,L-Cysteine-50gL,MethyleneB_250mgL,NaCl-3M,NaOH-1M,P10-MIX1,PVP-1wt,RhodamineB1_0gL,SDS-1wt,Sodiumsilicate-1wt,Target
0.00580693,0.252939199,0,0.008489631,0.508913502,3.001666261,0.008882589,0,1.259242602,1.244575832,0.646091274
0,0.498307532,0.25275816,0.758302953,0.500602213,1.600390731,0.506600633,0.003631395,0.75154279,0.498246519,0
0,0,0.258900104,0.500744389,1.755948316,4.397387204,0.741847546,0,0.246581924,0,0.393076018
0.00641321,1.009602372,0.258372406,0.24755266,0.504026372,3.999695851,0,0.507241773,0.252517145,0,0
0.504047909,0.753682401,0.002110845,0,0.754748224,1.401354982,1.258498235,0.001150333,0.50668841,0.256435068,0.090352323
0,0.25377388,0,0,0.756895134,3.599885488,0.249272796,0.006507372,0.25847108,1.007487751,4.502563759
0.008767095,1.259271373,0,0.24449362,0.009273931,3.195887447,0.508814531,0.004159607,0.748137807,0.005211229,1.226202774
0.493649518,0.004452359,0.002990206,0.7565702,0,3.807052678,1.493519894,0.245166809,0.493994613,0.242619817,0
1.247770491,0.259455878,0.253398762,0.741759498,0.004019527,3.408640692,0.244377842,0.495177018,0.249571121,0,0
0.006973254,0.743989686,0.497388945,0.009087098,0.252411104,3.394118419,0,1.240720549,0.00525592,0.007189706,0
0,1.507891838,0.747229082,0.243033403,0.246178618,4.793000857,0.757547903,0,0.000842594,0.240293313,0
0.243671843,0.24805305,2.25296982,0,0,1.393993134,0,0.496520447,0.002534876,0.252159486,0.483569303
2.509984501,0.008461296,0.000418589,0.259849473,0.245936549,0.994887275,0.740914086,0.255426967,0,0.009900267,0
0.006201021,0,4.240456292,0,0.001842047,1.003851602,0,0,0.000986505,0.243866241,0.355831977
0.242533541,0.25258474,0,0.751083414,0,4.801279264,0.000374333,0.752180281,0,0.242513645,0
0.004544545,0.99862434,0.490478733,0.749705981,0.755143645,1.39886936,0.254578227,0.005904482,0.246673566,0.490003949,0
0,0.004669787,0.004147565,0.001666342,0,4.794855223,0.256392204,1.251789154,0.49560382,0.991488706,0
0.759266751,0,0,0,1.498219081,2.798963134,0.746236542,0.24186888,0.50130624,0,0.359189005
0.003316142,0,0.249208475,0.752978232,0.759906639,4.797776027,0.251425238,0.000711005,1.002317205,0.740458983,0.427907867
0.259488096,0.740328886,0.25404631,0.00342661,0.741978168,1.798151831,0.249139905,0.003991969,0.246026814,0.994563535,0.480701403
0.254042456,0.494286169,0.256334775,0,1.245591235,1.199436545,0.503582776,0.756381177,0.501434567,0.257785779,0.017986397
0.002766106,0.994029299,1.742615693,0.748694544,0.498153091,3.196587137,0.003661113,0.009804418,0.004438818,0.004536654,0.209038893
1.759009023,0.002843107,0.259166389,0.246634656,0.252744197,4.797568363,0,1.257868165,0.003579424,0.247262422,0.358344857
0.001523754,0.001507457,0.241544522,0.00637714,0,2.197723851,1.247000581,1.255602087,0.505305552,0,0
1.245361168,0.25534561,0.251866905,0.754401909,0,2.997597479,0,0.008300005,0,0,0.274593185
0.00030778,1.258673496,0,0.509704459,0.245170982,4.401616172,0.505561455,0.007565834,1.008350239,0.742704983,0.767922673
0.00582325,0,0,0,1.497623188,3.198280998,0,0.506531259,0.009166954,2.746752517,0
0.004859728,0,0.75364708,0,0,1.590707606,0.004210099,3.744415852,0,0.007045842,0
0,0.2494453,1.501583889,0.005574149,0.747633025,4.793393155,0.249090681,1.001646459,0.247499219,0,0.042101481
1.253959073,1.259681906,0.008181289,0,0.509725269,3.590922215,0,0.255728926,0.00352328,0.508254477,0
1.495655045,0,0.246575623,0,0.001267654,2.594454349,0.009386856,0.742402254,0.005918163,1.496593087,0.248240035
0.748422238,0.499066616,0.249608162,0.995437989,0,2.005602786,0.506626832,0.243507467,0.008680241,0.255101845,0.43520807
2.254392794,0,0,0.008902838,0.501428233,2.790744059,0,0.006404697,0,0.501529558,0.37084325
0.248895967,0,0.253804526,0.753454372,1.247098785,3.204465988,0.509003869,0.251325872,0.253364358,0,0.191738554
0.741332275,0.005895161,0,0,0.504650022,1.390143436,0.508180952,1.251666976,0.000196445,0.259080194,0
0.753496431,0.000217446,0,0.497954087,0.2480549,1.39800853,0.243388714,0.251639662,0.505652938,0.498529505,0
0.500115748,0,0.252937474,0.994872111,0.254899129,3.002211435,0.258578658,0.002243554,0.246292462,1.008955753,0.281930544
0,1.257495407,1.005635547,1.248889125,0.006679316,4.396018695,0,0,0.245700728,0,0.391594816
0,0.750706297,1.242069943,0,0,2.009120074,0,0,0.004239571,0.742344631,0.292428943
0.498325816,0.747543689,0.006390742,0.258872628,1.506320233,3.004959526,0.001838213,0.490367982,0.247019853,0,0.141093544
0.503517101,0.007795022,0.003639411,2.005899133,0,4.801891608,1.748211846,0.007460521,0.006444901,0,0
0,0.005504155,0.000496512,0,0,3.397248704,0.005770524,0,3.491134363,0.740609607,0
0.008338627,0,0.002822414,0.00357971,0.748372578,3.19146581,0,0,0.744783283,0.499419512,0.55157224
0,0,0,0.492921359,0.752362548,3.200089008,0.249842562,0,0.751776864,1.002097884,1.246749491
0.001264852,0,0.002498386,0.509500899,0.747113831,3.397979361,0.003915537,0,0.246577968,1.757517395,2.517347573
0,0,0,0.505051973,0.743140419,3.39472663,0.256482764,0.009699205,0.740674076,0.996880024,1.054340342
0,0.005979794,0,0.00753298,0.758006606,3.401753572,0.501086264,0,0.507400644,0.742595908,1.585098864
0.002578097,0,0,0.005369966,0.753084734,3.193197858,0.007303866,0,0.250669049,1.7450572,2.581365888
0.004305911,0,0,0.490760642,0.749576925,3.194701242,0,0,0.253454266,1.755418777,2.953688717
0.003919116,0,0.251110311,0,0.753203451,3.400887228,0,0.0016984,0.252745646,1.756702615,0.461719141
0,0.007261827,0,0.00652574,0.74170483,3.402769396,0,0,0.759326698,0.509816003,0.550533017
0,0,0,0.503758961,0.747225198,3.196425785,0.252566157,0,0.746901866,0.257001765,2.255561515
0.0094552,0,0,0.007501848,0.759181437,3.191742687,0.503641645,0.007223683,0.504904491,1.249725765,0.911198348
0.002781037,0.004013112,0,0.748133665,0.75211272,3.393458961,0.241867007,0,0.992809824,0.246205462,1.500846531
0.004828877,0.0093147,0,0,0.759588842,3.196272541,0,0.005139439,0.259541855,2.991474389,0.68207668
0.002876431,0.008778719,0.503264968,0.247825201,0.741343865,3.394948154,0.247147674,0,0.007588106,0.999045101,0.539810127
0,0.240045156,0.005525301,0.252596575,1.25456846,3.792242685,0,0,0.002911686,0.742678096,4.724836542
0,0.244769247,0,0.252534572,1.507886124,3.802118128,0,0.001727205,0,0.742309771,2.332109053
0,0.003445879,0,0.754708449,0.253717519,3.791255605,0,0.006647968,0,0.747675155,5.017204943
0.006610236,0.243342379,0,0.493487401,0.258655287,3.792431382,0.008070934,0,0.000164852,0.757815191,8.067333148
0.001323095,0.25205946,0.003320144,0.493392904,0,3.793086084,0,0.003135244,0.004617332,0.759807636,5.611973891
0.00522957,0.000398674,0,0,0.748576528,3.19415613,0.001080626,0,0,0.75719527,4.167717497
0,0.004836268,0,0.493490577,0.005239318,4.407899297,0.009114755,0,0,0.749641856,3.299621119
0,0,0.007199599,0.008379515,1.007007379,2.004209888,0,0.00851716,0,0.740129585,3.33506402
0.008229494,0.256709725,0,0.252087716,0.506490241,4.203796334,0.003946428,0.005122957,0.003289063,0.74418249,8.182586288
0.00238449,0.005160721,0.004982143,1.755905221,0.246190096,3.79040246,0,0.002391028,0.009362734,0.743371617,4.692265762
0,0.24704811,0.005032232,0.240970527,0.501803822,1.808560357,0.004045168,0.009832089,0,0.751811134,6.001066533
0.006655335,0.2434793,0,0.250669676,0.006998492,2.605704178,0.005479035,0.007471592,0,0.741311968,4.850885685
0,0.245592766,0.008818011,0,2.494256872,4.205663179,0.002382797,0,0.002013448,0.742701931,0.610252981
0,0.00238508,0.00504923,0.003143999,0.992727841,4.799009593,0,0.009802282,0,0.755929587,2.537529618
0.002096951,0.258818386,0.002536191,3.507497467,0.249546817,3.791568112,0,0.005140842,0.002891649,0,1.664753313
0,0.243265572,0,1.998125848,0.247087621,3.808846941,0.00748406,0.001768003,0,0.00709965,6.355945801
0,0,0,3.250464906,0.254943867,3.593646786,0.001760964,0.007731674,0.003934032,0.240354958,1.120166636
0,0,0,1.993292255,0.242872551,3.605973421,0.000226904,0,0,0.242392918,4.054260816
0,0,0,2.758584591,0.258462348,3.605228551,0.00994364,0.007541757,0.003162646,0.255109708,1.89007831
0.002601344,0.248561544,0,3.759205341,0.255026924,3.798518839,0.005350362,0,0,0,1.921849596
0,0,0,1.253569549,0.246054405,3.594193022,0,0.007599128,0,0.256078583,4.2798208
0,0.240021038,0,1.742132428,0.25182966,3.797295881,0,0,0.004051251,0,6.382384204
0.006055918,0.002147403,0.009282799,1.491432772,0.242883309,3.607306687,0.000641019,0,0,0.256515985,4.748841453
0,0,0.007543064,2.509481858,0.24992242,3.598551323,0,0.000175386,0.00396686,0.2534435,2.92864357
0.008553205,0.253235763,0.003708223,1.241325643,0.250412533,3.805588442,0.002872741,0.004515775,0.006002812,0,6.486168209
0.000865838,0,0.007658276,2.247037056,0.250878115,3.594411549,0,0.00750554,0.000845761,0.252456375,2.96657084
0,0.249064605,0.006017554,0.9943843,0.241163399,3.803012588,0.006405942,0.003318888,0,0,6.057050444
0.001035777,0.252520138,0,1.502054006,0.251877196,3.79240477,0.006979609,0,0,0.002473627,6.992508192
0,0.005576886,0.005477967,2.006289172,0.509539642,3.790006403,0.25361482,0.000729174,0.001276132,0.255326098,6.162955474
0.500922929,0.252697907,0.001162011,1.257950012,0.000446974,2.992179361,0,0,0.242787477,0.745787155,0.44633645
0.248262637,0.502520589,0.003739946,1.490521819,0.999917549,2.390499796,0.0062632,0.009810925,0,0,4.416587815
0,0.507416484,0.001080847,2.009880665,0.498167983,2.791915551,0.255094273,0,0.006384541,0.753332495,7.784533404
0.501538193,0.249795194,0,0.240687941,0.990493228,1.209449732,0.250305946,0,0,0.492561101,0.072500808
0.756279469,0.501268705,0,0.255696879,0.499387985,4.408530049,0,0,0,0.50147802,0.627851458
0,0.253457106,0.008902741,0.757081823,0.257203378,3.805943133,0,0.001113188,0,0.744827043,8.749182101
0.003504449,0.241646454,0.001850142,1.001366673,0.49634418,3.808815364,0.001634439,0,0,0.740126617,10.22624189
0.502367077,0.502035658,0.00299734,0.259253347,0.006184298,3.805463648,0.007437165,0,0.008611105,1.750956732,1.139697288
0.748540949,0,0.008585868,0,0.752255188,3.190124628,0.249092059,0,0.258123202,0.495738211,0
0,0,0,1.497901494,0.998539769,2.393211664,0.251058528,0,0.494069743,0.00858622,0.81955876
0,0.504876575,0.005404261,0.24794039,0,1.993216025,0.245915577,0.005569717,0.250275802,1.506801967,2.800190941
0.742174291,0,0.005187846,0.490724075,0.758450048,2.997983793,0.240973723,0.00443997,0,0.496314425,0.262380839
1.257031996,0.507285573,0.004714725,0.499413949,0.746030719,3.204291033,0.006964456,0,0.250267853,0.243734813,0
0,0.242166026,0.007687078,0.756483199,0.759197473,1.19368654,0,0,0.250073259,1.742961138,2.185190692
0,0.506043937,0.006509537,0.744564256,1.004992211,2.99399946,0.253268603,0.009003054,0.243313592,0.746260788,7.179514161
0.00231099,0.255250506,0,2.008263659,0,1.801897796,0.495703905,0,0,1.501498822,0.71073835
0.009384766,0.002707919,0.009812339,2.996732377,0.49110014,2.994805417,0.758998482,0,0.004195305,0,0.618129044
0,0.243524202,0.241366732,1.243019253,0,2.00483871,0.009923865,0.002564654,0.001539672,0.50342921,1.073835821
0,0.259417733,0.242236998,2.00428953,0,2.007278387,0.75946018,0.004087638,0.003324519,0.492073993,0.559843032
0.240532844,0.752590953,0,0.258103602,0.747745853,4.402891678,0.758461553,0.000194835,0,0.00029738,6.411528576
0.001945167,0.241256643,0,0.998078006,0.507849946,3.59411718,0.00895977,0,0,0.745869604,10.10702658
0,0.751036859,0.000605216,2.257622375,0,2.797479157,0,0.005878247,0.252074774,0.740622633,3.409196411
0,0.008825111,0,1.750656643,0.005121942,2.992874863,0.742174272,0,0.248390527,0.75555306,1.355217332
0.245927175,0.504126415,0.000921856,0.501543215,0,2.807244798,0.745914857,0.006270246,0,0.750689158,1.925038451
0.003543628,0.741107753,0,1.007437552,1.496229996,2.192564304,0.493933343,0,0.000390175,0.004036786,3.433234949
0,0.509740181,0.244626051,0.743929042,0.756673812,2.006789101,0.25070813,0.005829765,0.245777259,0.758172438,1.361167692
0.000989356,0,0.251133044,1.743091681,0.742139469,3.807747254,0.242662297,0,0.257471602,0.752910362,0.681459593
0.001565312,0.751231294,0.004007211,1.250643568,0.502957953,4.791955326,0,0,0.000204358,0.501809215,18.326334
0,0.493372784,0.006427682,0.246322486,0.753337195,2.191969208,0.990984466,0,0.493746162,0.242697355,1.738021407
0.002515449,1.248736791,0,0.992220986,0.004649782,4.59956027,5.88E-05,0.007259348,0,2.253295069,7.313454553
0.008415912,0.751552973,0,0.254903326,0.999791638,4.191126041,0.751780219,0,0.50475651,0.000966118,3.171367827
0,0.757989033,0,1.252464425,0.505280486,5.009325313,0.002989395,0.002540267,0,0.491231633,17.30287399
0.250091075,1.743344026,0.006182025,0.250885847,1.248143107,1.403002975,0.755398057,0.003745682,0.005315362,3.03E-05,2.153877779
0,0.506973601,0.003764983,0.99134654,0.498274042,3.194579425,0.254509847,0.008545245,0.501181048,0.998789203,3.414580786
0.001654582,1.252162326,0.003384218,1.252112333,0.503760925,2.608609322,0.24666986,0.006694049,0.242574443,0.259492431,7.935753129
0,0.496136651,0,0.990084129,0.490178991,4.403994157,0,0.003547355,0,0.498848025,15.39881413
0.507461812,1.496031778,0.001803297,0.007318676,0.75761445,3.396494969,0.003915457,0,0.254151726,0.754504221,0.287376197
0,0.998797832,0.000316836,0.497591817,0.751888425,0.998067834,0.991773484,0.008362757,0.24651466,0.50348963,1.772191919
0.250733845,1.508269914,0,0.256095207,1.247564703,2.003067556,0.259296502,0,0.00922909,0.501016052,3.896890225
0.009189881,0.492961097,0,0.992366408,0.745095411,3.590257406,0.497640713,0.003613942,0.741282154,0.251305189,4.583896746
0.006866117,0.50916301,0.002503228,0.999538676,0.498130997,2.997321451,0.243802566,0.259747955,0.006652654,0.74397361,2.397951105
0,1.002823481,0.007395557,2.245409707,0,1.606388609,0.005250399,0.009275094,0,1.493947685,2.219465165
0.246629436,1.24658085,0.248196639,0.501331383,0.742620022,3.79054651,0.745770663,0.006879529,0.005558941,0.008837302,1.353972268
0.008981906,1.006586228,0,0.746047357,0.499768519,4.204965246,0,0.004930675,0,0.750385709,19.86892417
0.253911772,1.245354239,0.248902362,0.499103631,0.246416299,2.597196145,0.002746908,0,0.005099442,0.995003541,1.222407449
0.007328446,0.756808194,0.009691363,0.991443804,0.496003394,4.401651495,0.004080647,0.00672946,0,0.508775204,19.13329715
0,1.509861965,0.246833724,0.005695435,0.241890291,2.590417222,0.253110163,0,0,0.998120438,2.022815751
0.008652755,2.503983748,0,2.248915955,0,4.19042755,0,0.00094273,0.00861381,0.003120272,4.039731942
0,1.004416085,0.242370034,0.258527021,0.243250396,3.800244964,0.491845797,0,0.24299835,1.499015282,1.406941072
0.258265164,2.243229694,0,0.008050035,0.254619991,4.391962564,0,0.002914294,0.000331417,0.003527114,3.827116494
0,1.749161889,0,2.505228234,0.000700928,4.190803979,0.006709249,0,0,0,4.605855764
0.005373371,1.755528895,0.256620647,0.249291639,0.503701497,4.00884638,0.256495738,0,0.253176209,0.240509671,1.346596755
0,1.251834316,0,1.249526429,0.004179407,2.792614101,0.009696589,0,0.50547803,1.248298613,2.323022419
0,0.990364239,0.249079262,3.001987155,0,4.803957505,0.00083427,0.006329361,0,0.009084482,0.154888392
0,1.506144123,0,0.995217452,0,4.607858786,1.745567076,0.009584935,0,0,0.324311534
0,0.756087052,0.00272859,0.742605637,0.006632728,1.803501199,0.501938117,0,0.242432429,1.492763029,1.315255403
0.242774875,1.757216773,0.000891449,0.258100988,0,4.404888141,0.001237691,0.244194431,0,0.001339224,1.175928914
0.491483345,0.992235091,0,1.756953493,0,4.590861078,0,0.000470528,0,0.998013143,0.667635527
0.008396224,1.25810263,0.007848417,0.49020159,0.498395017,3.401613205,0,0,0.000665443,0.250114565,14.82378974
0,0.991735833,0.001302118,1.249319772,0.0035533,4.195957149,0.00445123,0,0,2.508997423,4.862826597
0,2.00521729,0.004935181,0,0.501036362,4.197646112,0,0.252103321,0.243748871,0.006915257,1.495200103
0.007780187,0.74910121,0,0.749523529,0.500271904,4.199856549,0,0.002783503,0.005750173,0.496664303,19.01223579
0.005208968,0,0,2.995907065,1.503806375,4.800402647,0,0.003016167,0.008666975,0,0.746608474
0.003035007,0.749726946,0.009395319,1.008791917,0.496452823,4.191779218,0.006383649,0,0,0.492488091,20.67580889
0,0.49542281,0,1.002184717,1.25223024,3.395719407,0.490934159,0,0.754366249,0.25212142,1.799455868
0,0.757968005,0.002928878,2.756182616,0,4.600057599,0.007313215,0.003888602,0.503747165,0.250821702,1.415523311
0,1.000784951,0,0.253632354,0.50536136,3.209012238,0.254510081,0,0.493863036,1.506737143,3.082317066
0,1.007721389,0,0.001157966,0.750542293,1.395300454,0.507814924,0.252235734,0,0.251752258,0.794213315
0,1.507026254,0,1.252027851,0.00976771,4.609973392,0,0,0.00570506,1.746529823,7.155550992
0.005796109,0.746332465,0.006842953,1.004512606,0.497707926,1.393486275,0.244600611,0.000955489,0.741470384,0.253852387,0.645268113
0,0.750895926,0.00615011,1.007363761,0.508154358,3.995027956,0.008414991,0.000447451,0.004865257,0.491736203,21.18763074
0.008572316,2.498656775,0,0,1.750114128,4.401552326,0.004984611,0.004272098,0,0.25424705,16.83999303
0.243962096,1.004164276,0,0.006860355,0.258486895,3.40267437,0,0.007803562,0.000328625,0.496804892,3.990304266
0,1.251434429,0.00786605,0.252218088,0,3.798741889,0.249359049,0,0.003167154,2.502682053,6.983396642
0.000814621,0.00022885,0,2.749468096,0.241569719,4.391440283,1.009733863,0.009785091,0,0.254498061,1.028246343
0.004078254,2.759213588,0.003182734,0.49234811,0.244001576,2.000467671,0,0.006647142,0.007443512,0.758195158,8.948517375
0.005412342,0.755391029,0,0.24013972,1.24892513,3.798909139,0.247194009,0,0,0.742306713,8.145645536
0,0,0.002002927,0.750781899,0.507519738,2.990644309,0.495727872,0.008654137,0,0,3.78454109
0,2.741051961,0,0.256552727,0,2.795794032,0.747605832,0.006202037,0,0.500635646,2.758486974
0.00681975,1.499218484,0,0.007282399,1.493539463,4.008827249,0.756518968,0,0.004856175,0.499461477,4.481179809
0,3.493897505,0.000221,0.997806058,0,4.393621778,0.000840324,0,0.005545381,0,10.20237227
0.004454842,2.754519286,0,0.005430236,0,1.004024993,0.005872967,0.003203251,0.004609918,1.754751373,5.344494231
0,3.496971371,0.005839826,0.008116791,0,3.794266,0.258303928,0,0.008123486,0.756692662,6.1634076
0.254461344,1.755646937,0.008061777,1.505392869,0.495126598,3.994270614,0,0.005395502,0.250280035,0.005985164,4.921007654
0.006352174,3.004277755,0.001918004,0.242104683,0.000173232,3.390201314,0.005731909,0,0.501218363,0.492188538,1.566609993
0,0.755510143,0.007600775,1.006013249,0.493951609,3.791962075,0.007315918,0.007197044,0.000225849,0.503430542,21.52916501
0.006727206,0.990134316,0,1.005879488,0.509916968,2.20362922,0,0,0.259108711,0.744038331,7.84858455
0,1.249410771,0,0.008099745,0,3.797036844,0.258872364,0,0.007501348,3.254991866,7.813720778
0.009190227,2.240574301,0.004937382,0,1.499061292,4.207935846,0,0,0,0.257677678,16.75053399
0.240519997,3.256289335,0.004524249,0.001365919,0.00720374,2.591217878,0.007201781,0.007942145,0.002666912,0.740203898,3.664441685
0.006147141,1.993277063,0,0.005630557,2.753731185,3.606692943,0,0,0.001041896,0,16.34145614
0.00093,2.254698254,0.007826007,0.24926774,1.246266129,4.191958366,0,0,0.001379514,0.248410188,17.01384635
0.003673652,2.752168777,0.00319492,1.25512456,0,1.997225604,0.254643913,0,0.000410542,0.255701531,4.019656905
0.008966939,4.247563108,0.002358663,3.47E-05,0,2.592122147,0,0.008348113,0.000462802,0.008199046,7.163781957
0.008875512,2.743408003,0,0,0.241061461,4.197276615,0.00848589,0.008343131,0,0.991338802,10.60347916
0.006083392,2.741300226,0.001158162,0.001122643,0.004241119,2.796272755,0.001258088,0.005663025,0.241268353,1.503215659,4.406012217
0,4.243525033,0.004652987,0.506664609,0.001315611,4.205528004,0.009124209,0,0.001583193,0.007095525,9.836888671
0,0.995634082,0,1.255782169,0.740971584,3.807712856,0.002678119,0,0.009776981,0.497497724,26.50015229
0,1.991897012,0,0.505022331,2.002065832,3.806344467,0,0.007545102,0,0.009325059,15.12864932
0,1.24810835,0,1.75385819,0.002257701,2.200498137,0.490842121,0,0.003626633,0.00632933,2.938746616
0,3.00700226,0,0.008486643,0,4.40860748,0,0,0,1.248437715,9.590604906
0,0.505354523,0,1.004720095,0.253195308,4.205826696,0.251327457,3.89E-06,0.256661132,1.255849102,6.525550591
0,2.002041771,0,0.248470548,2.001456914,3.798204671,0,0,0.007675815,0,15.66036745
0,4.752631057,0,0,0,3.790994487,0.008780843,0,0.004851036,0.009261965,4.696313276
0.004448208,3.000646369,0.002008147,1.25405377,0.006473596,3.601086166,0.009188195,0,0,0.009671999,4.631334927
0,2.252779556,0.003903682,0,0.25685543,1.591492095,0.003758781,0,0,1.494194035,7.925520289
0.007102493,2.506039162,0.004816985,0,0.008814768,3.802429245,0,0,0.002349335,1.998827206,10.27646745
0.007946037,4.743795345,0.003092547,0,0,4.592403324,0,0,0,0,4.594067413
0.001844442,3.24898685,0.005596018,0.00930427,0.996433823,4.198120475,0,0,0.259978445,0,9.962503611
0.008264353,3.494821349,0.006076462,0.003591446,1.25356459,2.199901802,0,0,0,0,13.55609188
0,4.009114031,0,0.001849443,0.508320542,3.00002936,0,0.009121326,0,0,10.25950377
0.001823523,1.746898744,0.009767172,0.001468593,2.247607142,3.596917766,0,0,0.244918529,0,10.61059078
0,2.247412481,0,0,1.497753508,3.790884382,0.009247545,0,0,0.250402803,16.12301311
0.008744882,3.499520106,0,0.002823844,1.251011593,4.206781154,0,0.00348814,0,0,14.93466843
0.008133976,4.242571407,0.003020761,0,0.002295206,2.196881933,0.003784347,0.008047887,0,0.497847873,6.134093382
0,1.004206024,0.002863434,1.008407473,0.757571132,3.803266374,0,0.001902869,0,0.505733042,27.42698229
0,3.756087446,0,0.492405064,0.008966837,3.395532852,0.003840986,0.001401596,0.259107782,0,6.203430286
0.008814923,2.491567675,0.006849756,0.246451003,1.508321862,3.008792844,0.0023123,0.008638586,0.007540732,0.24342798,16.66706041
0.006613184,4.759703122,0,0,0,4.190308183,0.003514925,0,0.008319427,0.005071146,4.243827347
0,0.999322407,0,1.745834744,0.757639184,1.592592113,0,0,0.247036972,0.496108288,5.853081564
0,1.998803082,0,0.000918175,2.250075736,3.592172246,0.006168813,0.007761529,0,0,16.5701022
0,3.245343999,0,0.007380251,0.758455982,3.801831086,0.251465497,0,0.24014228,0,8.246930673
0.002167203,1.994526001,0,1.490826352,0.497303228,2.992987789,0.254375892,0.006666545,0,0,11.95161124
0.009418266,1.509253991,0,1.496292782,1.008795919,1.397033598,0,0.006206403,0,0.007400926,6.543608707
0.006846293,0.994278632,0.241952958,1.251062488,1.247889056,4.591744896,0.253212297,0.006461353,0,0,2.39530398
0.001721443,3.000684909,0.004539022,0.491906995,0.250352525,3.194937069,0,0,0.004926699,0,10.56642297
0.008481711,4.250783144,0,0.001790031,0,1.806838995,0.009962863,0.006988635,0.242293897,0.008465826,4.09415123
0.000617195,3.5022375,0.000465579,0.00334218,0.759332126,3.806248861,0.246359416,0.002253433,0.008866624,0.009249508,13.43825139
0.008506769,1.254152976,0,0.49002487,0.755842014,3.799809464,0.25116006,0,0.002087023,0.008959331,13.65182148
0.003114688,2.244646493,0.002687168,0.001463452,2.240369765,3.403462947,0.00142537,0.008617407,0,0,17.52015739
0.003543167,2.753470233,0,0.248281206,1.254083276,3.800983612,0.003567279,0.001228302,0.003352685,0.256854007,15.95590663
0.006281168,2.259796704,0.001028901,0,2.257242846,3.592873606,0,0.009272045,0,0.005088767,17.53486007
0,2.246223177,0,0.002590671,1.49347078,1.804684706,0,0.004184049,0.005345358,0.50819735,10.52075328
0,0.996345233,0,1.007659876,0.756581799,3.802483383,0,0,0.001339714,0.258256267,24.12659554
0.000949929,2.75714863,0,0.252333404,1.256384209,3.793264259,0.007750905,0.003008057,0.000792732,0,15.5741928
0.00937709,0.751074265,0,0.000550516,3.49083053,2.605820937,0.00403788,0,0.004154952,0.006620896,0.872808584
0.003522229,3.006972749,0.000581959,0,1.75862894,2.392449897,0.001748373,0.005525599,0.007844843,0,12.41998824
0.25886112,0.759427485,0,0.750310431,0.748513697,4.403921773,0.992459022,0,0.258849753,0.498915366,4.127897391
0.006916344,2.991994664,0,0.007181503,1.49366329,4.19862267,0.007185974,0.001442609,0.009260775,0,16.30309665
0.006020264,2.240334696,0,0,1.75165178,3.801143026,0,0.006546081,0.008619554,0.005791785,16.13522995
0,2.257287411,0,0,1.745639414,3.794727123,0,0,0,0.240547104,16.7331044
0.009034878,0.497358355,0,0.746473892,1.257471205,3.802048078,0.259517602,0.003807446,0,0.492231659,8.00851425
0.253844005,2.499218787,0,0,1.758213456,4.006042335,0.006354156,0,0.009538032,0,7.383053333
0,2.241153939,0.003710976,0,1.993274766,3.602733092,0.005566206,0,0.00148676,0,16.15958851
0.004281416,2.244237308,0,0.259498616,0,1.606898778,0.003570467,0,0,1.756277236,7.155151442
0,2.505051894,0.00488837,0.002027301,2.258923291,1.203725231,0,0,0,0.000668842,12.20151507
0.002501026,2.008228733,0,1.504775359,0.996028589,1.798721165,0.001330125,0.007776579,0.003150439,0.006689169,7.11685882
0,1.498341026,0.002369909,0.255000426,0.005657933,3.402729308,0.24531131,0,0,2.248719887,7.847472669
0,1.749134949,0.002618902,0.009498933,2.751415663,3.007021621,0.007865642,0,0,0.251886907,12.44049279
0.002743412,2.251150663,0,0.74056462,1.249665169,4.202548146,0.006810503,0.009306265,0,0,16.28037434
0,2.746963007,0,0,1.759373692,3.398184048,0,0.001868821,0,0.000614823,14.22323438
0,2.008145486,0.0056884,0.244149507,0.000393123,3.202284132,0,0,0.009273277,2.000189869,10.50128125
0.004309838,4.747629984,0.008395545,0.008156242,0,3.2036577,0,0.000467888,0.00881456,0.004528504,3.603277783
0.000904915,1.246941568,0.00322772,0.504149545,1.003000742,4.803890734,0.253441644,0.000220456,0,0.742721855,16.02510521
0.001923985,1.758885005,0,0,0,2.207274781,0,0,0,2.754279684,9.19945422
0,3.250187857,0.003019529,0,0,2.799860999,0.000430321,0.003648741,0,0.99709969,7.9254939
0.004087779,2.506841882,0.007699011,0.748202574,1.256971964,3.604902747,0,0,0,0.008175153,13.41101601
0.007741707,1.506112895,0,0,2.742855763,1.003560998,0.008923139,0,0.004341867,0.005774952,4.329793292
0.003984161,3.500842036,0.006654329,0.507966597,0.250267114,3.397579679,0.009038417,0.004559802,0,0,14.78053532
0.004767975,2.743667819,0,0.001385301,2.001726215,2.605222057,0.003348867,0,0.004115385,0,13.78514185
0,1.505023035,0,0,0.004660863,3.001147543,0,0.006418844,0,2.498369283,10.76398441
0,2.745086963,0.007088682,0.254264883,1.242098131,1.598738371,0,0,0,0.00277254,15.304954
0.005825598,3.008194664,0,0,0.757628007,0.998769781,0.003039672,0,0.005601365,0.496413629,14.77563422
0.00021902,3.990375093,0,0.499148916,0.000698916,2.996787803,0.005116796,0.007988009,0,0.004874173,8.654803033
0.253379411,1.257243975,0.0075428,1.995607229,0.991842524,4.396433177,0,0,0,0.00590352,8.173038002
0.001450487,4.241903848,0.007430007,0,0.259628189,0.992632637,0,0,0,0,6.152903532
0,4.251327494,0.006033492,0.009325947,0.008868224,2.206658057,0.008427616,0.008492501,0.005393064,0,6.452986724
0.00458544,2.9903057,0,0.003635283,0.495263245,1.006318772,0.0024011,0.00883498,0.255022625,0.243856216,5.683343617
0.009920463,2.502582868,0,0,0.742644693,4.809187715,0.007295092,0.00427491,0,1.248154035,13.97385214
0,2.498622473,0.004130904,0,1.255633056,3.598904459,0.009086728,0,0,1.005418452,14.78017392
0,2.240806019,0.009481796,0.000334349,2.242705507,3.794264531,0.005856853,0,0.002105122,7.91E-05,18.11201614
0.008921127,2.747917005,0.00341585,0.255444078,0,4.593867403,0,0,0,1.758549918,10.67464193
0.008660087,3.007427751,0,0,0.753991446,2.806424495,0.003282733,0.004479442,5.81E-06,0.257892216,12.83550942
0.005991937,3.006310275,0,0.000292837,0.754457656,2.997545683,0.007201515,0.006813157,0,0,12.42786498
0.004241742,1.741537074,0.004124414,0.003459441,2.242187927,2.001860436,0,0,0.251940978,0.008397602,8.293420908
0.000241246,3.747578992,0.000810243,0.258039167,0.509491537,3.392124871,0.008652891,0.009602829,0,0.002520329,14.53920579
0,2.990054191,0.004915915,0.24778028,0.497333736,4.19527864,0.259760974,0.001863547,0.251416833,0,7.127482712
0.000291628,3.99738969,0,0.493332296,0.257205215,3.799151568,0,0,0,0.003523727,16.26240455
0.243406404,3.505820028,0,0,0.49101131,4.19848026,0.008965809,0.001349063,0,0,6.919791068
0.249994475,2.500760094,0.009027507,0,1.002979547,1.590243589,0.000667068,0.001495093,0.005761278,0.251976269,4.622580991
0,2.742458125,0,0,0.2469181,1.806469171,0.004148925,0,0.000448407,1.252693199,10.09409343
0,1.750638666,0,1.495232687,0.004712261,4.000685424,0.743331023,0,0.000896252,0,4.252123705
0.004609282,3.504504102,0,0.501338396,0.497864688,3.996607098,0,0,0,0,19.19409885
0.008531554,1.00987532,0,1.497495522,0.253108734,3.403745648,0.748102211,0,0.257207672,0.499732893,5.803196953
0,2.758303706,0.251232398,0,1.496707327,3.202418593,0.004728826,0,0.004216602,0.004164453,1.631931964
0.244703421,1.242815359,0.000580852,0,0.499137494,4.795437837,0.742945866,0.001676086,0.007897324,0.995899132,6.370359787
0.000114738,1.256330026,0.007510844,0.758999258,2.746591526,2.591114047,0.00688403,0.001287035,0.000642195,0.003119018,3.589518975
0,2.99233383,0,0,1.493772016,1.398389694,0,0,0,0,14.237812
0,0.753344168,0.002885003,1.506366695,2.244380432,3.808333523,0,0.008368066,0,0.006427223,1.636469129
0.006207403,3.498402995,0.000715525,0.498415263,0.493283938,4.206999805,0,0.001535787,0,0.004618807,19.2850482
0.005569475,4.008326298,0,0,0.257515629,1.603277168,0.001810481,0,0.002661192,0.005806378,9.41086614
0,3.502578101,0,0.005065591,0.008057288,1.005603883,0,0.00116662,0.240744853,0.740048126,1.816822191
0,2.002292144,0.003556614,0.25232008,0.001149562,1.604835413,0.000545988,0.006998079,0,2.255039454,7.248714367
0,0.749556125,0.007317048,0.492143852,0.002520245,1.394197635,0,0,0,3.250675506,5.414739195
0,2.7579188,0,0,1.504654362,4.609556083,0.006222466,0,0,0.002836032,17.13424543
0.000123502,3.249555679,0.006778543,0,1.244910736,2.79642505,0,0,0,0,15.40493834
0.003204121,3.002571863,0,0.002114664,0.993869455,1.592498656,0.008954612,0,0,0.255008273,19.51201862
0.004565706,3.749960659,0.000852458,0.253140065,0,3.00126186,0.002670349,0.006266298,0.007951452,0.504525695,8.527352606
0,2.244361222,0,0,0,4.390553766,0,0.004294733,0,2.240133865,11.24647306
0.002804415,4.000195687,0,0,0.003706093,3.809652686,0.004426325,0.008800562,0,0.502010496,7.886825844
0.001767405,2.256215483,0.008647287,0.005403426,0.008464822,4.792005206,0,0,0.00080482,2.492538842,11.13979446
0.008633405,3.990872795,0,0,0,2.208459008,0,0.006606018,0.008989683,0.494561283,6.791122373
0,2.244238779,0.006781708,0.258675943,1.257638374,4.409474869,0.004124982,0.002837161,0.008144296,0.249252974,17.93346421
0,2.498663331,0.005666001,1.250654103,0.004988084,4.190965541,0,0,0.246648822,0.003125967,5.034350389
0.001940262,3.257176069,0.009972342,0.503949081,0.002156168,2.996644151,0,0.000980706,0,0.258494897,7.447037887
0,4.243397774,0.005454241,0.5002453,0.000916182,4.799125454,0.00817597,0,0,0.004902703,9.652779002
0.009224888,4.493964667,0,0,0,3.403930568,0,0,0,0.255858808,6.509169106
0.007530869,3.753959582,0,1.005779511,0.003555131,2.795153866,0.00563383,0,0,0.006968329,7.281084546
0.003773963,3.249851139,0.00153326,0,1.251032632,4.599644588,0,0.009712869,0.002691776,0.006374304,16.97651505
0,1.250210915,0.002155937,0.491608598,2.496546442,2.398005194,0,0.002532728,0.250152655,0.001486625,4.014721456
0,2.243495804,0,0,2.243092567,1.194315604,0.003734317,0,0,0.002121721,13.75195227
0,2.746556775,0,1.009389585,0.495091666,4.001555097,0,0,0.008281129,0.003762595,11.90146522
0,1.74441844,0,0.008332043,2.992119392,3.004021326,0.007501888,0,0,0.008131685,9.913350927
0.005714961,4.004258982,0,0.007087918,0.008856303,3.009269609,0.007498066,0,0.007748126,0.252771314,7.748388233
0.001713859,3.495245293,0.003992687,0,1.256861055,2.798476253,0.009021526,0.002087312,0.002704149,0,13.60424017
0.254881162,1.508431955,0.005698768,0.00360647,0.00542861,2.995699874,0,0,0.004473097,2.503839777,3.748442428
0.005484083,2.495465272,0.006441691,0,0.506499908,2.595704382,0,0.256916029,0.003496902,1.008455982,2.680703621
0,3.748755757,0.004984421,0.000136024,0.759470146,2.395859921,0.000490577,0,0,0,13.27199454
0,3.503032121,0.000930512,0.742528274,0.240899913,1.003753995,0.007792241,0.006357957,0.006230707,0.009391478,6.061157061
0,4.495520359,0.004148799,0.001365331,0.254925697,3.59532827,0,0.003305565,0,0.000312723,10.7335964
0.003956036,1.744381517,0,0.005661597,2.491348172,2.602606189,0.001438185,0.005971111,0.246348442,0,8.624742373
0,0.993173256,0,0.006759463,0,1.600554189,0.008600666,0,0.008370446,3.509682762,8.551986262
0,1.995496405,0.007208623,2.490407156,0.004592921,3.605489336,0.001245554,0.006496996,0.003479486,0.007276333,4.391302268
0,0.995336389,0,0.749383517,0.498278558,2.79991418,0.000651832,0.002937955,0,1.249682778,14.98678639
0,3.994564296,0.000499113,0,0.499235845,2.398269097,0,0,0,0,10.54034115
0,3.254442882,0,0.005692866,1.503063509,1.204215369,0.004241918,0.001966691,0.006062692,0.001685337,11.00000321
0.000796379,1.744016742,0.009583156,0.007336473,0.004589885,3.999942292,0,0,0,3.00967362,11.51000686
0.256565625,3.759112597,0,0.250476172,0.508474652,2.603474295,0,0.008867727,0,0.000298753,7.646017677
0.009513043,3.756179191,0.007278963,0.740258988,0,3.600396979,0,0.005511343,0.000963089,0.003052938,11.78559502
0,0.506858168,0.003420475,1.494535204,0.249260943,3.402261624,0.252546215,0,0.003633667,1.244408915,8.121266654
0,3.506752004,0,0.007612671,0.504389218,4.401925202,0.002642619,0.001087579,0.000629703,0.000557391,10.95059961
0,1.009878899,0,0.740413553,0.507991625,2.204286118,0.000143335,0.007799933,0,1.501574308,10.76909426
0,3.502077643,0.009280344,0.498039447,0.505048185,4.403669134,0,0,0.009223944,0,18.55236272
0,1.241448492,0,0,0,3.201892898,0.241406183,0,0,3.24308965,8.134415335
0,3.259395784,0.005587456,0,0,3.207701442,0,0,0.001279459,1.504985815,8.459697536
0,1.999864939,0,0.005257376,0.255453059,2.794251033,0.003135616,0.00097604,0,2.004497213,9.922167544
0,4.258962415,0,0.255000705,0,4.390251622,0,0,0,0,9.055816026
0.007873075,2.996302172,0,0.499739836,0.750267681,2.396352643,0,0,0.008158438,0,13.19842657
0,2.74667599,0,1.502841927,0.257938061,4.404112363,0,0,0.000880259,0.006811465,7.501606797
0.247492884,3.750383263,0.006962935,0.002964726,0.009704221,4.20937602,0.006293323,0.009679319,0.002770977,0.742378361,4.320585572
0,4.006612255,0,0,0.007977594,4.203413888,0.491360915,0.001369081,0,0.25447037,4.368237837
0.009636415,2.004654503,0,0.007272046,1.742756254,1.402104981,0.005782868,0.002613155,0,0.241459593,9.071697938
0.003498099,2.25601799,0,1.500540656,0,3.991966157,0.497695845,0.002967858,0.001899337,0.007904119,4.142521346
0,1.740467042,0,1.002457484,0.003794277,2.203812151,0.007494026,0.003516654,0,1.498779921,6.134250153
0.253177083,4.00584423,0.009419831,0,0,3.202305987,0,0,0.009473023,0,4.380071741
0.006471676,4.002727145,0.000257579,0.004369081,0.743578483,3.603794128,0.006725818,0.003772926,0,0,12.65708704
0,1.255396566,0,0.242846101,2.757463047,3.004241564,0.00069681,0.005534953,0,0.003373392,6.390869185
0,4.007637193,0,0.501534804,0.00804931,4.395488766,0,0.002111578,0,0,11.54459874
0.009952869,3.747402362,0,0,0,3.796434704,0.742197442,0.003098977,0,0,3.078162686
0.253307071,3.490057003,0,0,0.000421051,4.409760189,0.00826448,0.00221509,0,0.504124603,3.429733361
0.009017326,3.996232375,0.003518887,0,0,3.000727243,0,0,0.009235139,0,7.660547922
0.008268096,0.241955386,0.002690212,0,0,3.993007075,0,0,0,4.251262181,7.938717479
0.242123723,2.741477971,0,0.748483419,0.501638735,2.609237185,0.003970831,0.00758836,0.006940459,0,4.916288174
0.247761325,0,0,0,0,2.796525293,0.002922206,0.002713176,0,4.251571421,1.597380502
0,0.990743489,0.007632234,0.991632195,0.755229312,4.006726418,0.005317329,0,0.002848175,0.499739097,27.7041039
0.002442023,3.755676895,0.007926082,0,0.506671815,2.399227013,0.004356903,0,0,0,11.09242731
0,3.756186674,0.004853986,0,0.759745773,1.000160958,0.007818103,0,0.008628889,0,7.527940437
0,0.756324527,0,0.009992517,0.99500032,1.200853366,0,0,0,2.499841753,3.542364425
0.006845494,3.006040032,0.000218562,0.001033181,0.993235042,1.790010468,0,0,0.004241267,0.496771214,18.05726064
0.000969944,3.256752376,0,0.503747012,0.75493973,4.800034223,0.004478946,0,0.00504499,0,15.12057934
0,3.506644519,0.00340242,0.745873972,0,4.205898764,0,0.248786374,0,0.008607358,1.992882457
0,1.258572605,0,1.993209662,0.249382,3.808865799,0,0,0.249388125,0.008682212,6.95965836
0,1.500248428,0.002510388,0.257453821,1.502345377,4.407127941,0,0.00411834,0.745082773,0.254268544,1.64833593
0.258766623,1.753516171,0,0.242055697,0.251327369,4.797841307,0.74954489,0.006354233,0,1.005867437,3.848965474
0,0.495516194,0,0,0,1.391354507,0.008634815,0,0.006853726,4.244481408,4.614887193
0.002561568,4.240095093,0.001582702,0,0.249591096,2.002231122,0.007043952,0,0,0.003641258,8.631775207
0.009450801,1.753824553,0,0.008805476,0,2.392708298,0,0,0,2.99710622,9.521984618
0,1.250024126,0,1.745982906,0.995827452,2.190226669,0.241600352,0,0.008475402,0.006650498,8.94166281
0.009547756,3.745412325,0.009962096,0,0,3.997582432,0,0,0.003012012,0.502394996,7.318685308
0.003084259,2.745979652,0,0.003041818,0.991990811,1.590370483,0.006562483,0,0,0.255679792,17.54692336
0,0.742241506,0,0,0,4.207571097,0,0,0,3.990738037,11.31425195
6.16E-05,1.253298575,0.000433234,0.750561527,1.008112308,2.205988993,0.242693011,0.005757094,0.240393414,0,6.839451091
0,0.499851731,0.000871592,0.740442493,0.492740442,4.206425061,0.246800527,0,0,0.4978314,14.06713261
0.00511101,1.993739988,0,0.008424229,0.004422439,3.006885318,0.004950052,0,0,2.494514916,9.428186897
0,3.001006059,0.001316896,0,0,3.207685595,0.005128607,0,0,1.001914042,8.017847436
0,0.49761592,0,0,0,3.591914652,0.000355721,0.001273671,0.009986986,3.748229763,12.27166359
0,4.2407943,0,0,0.250807649,3.99079742,0.008952572,0,0,0.002795212,14.17893914
0,3.000339527,0,0.003644846,1.252350611,2.990039443,0.002178127,0.00893587,0.254271119,0,10.2953006
0,0.005336244,0.000851068,0.005301329,0,3.803461,0,0,0,4.507376699,4.22485401
0,2.257151045,0,0.005652502,0,4.590217542,0.007009349,0.003804483,0,2.008513699,10.48476784
0,1.998271754,0.008694254,0.002884864,2.246551262,3.398746159,0,0,0,0.003965793,17.16191771
0.006639601,3.256240198,0.006020405,0.256153743,0.009821972,2.403221914,0.000907439,0.00414639,0.006596841,1.002391427,7.284254194
0.006806101,0.759068663,0.00862026,0.003832006,0.00301823,3.40462921,0,0,0,3.251336703,11.68893892
0,4.001715684,0,0,0.256500012,4.607483585,0.002483407,0.001051348,0.247510185,0.002675275,7.449591702
0.007782603,1.99308968,0,1.497374267,0.743726846,2.790099443,0.003595524,0,0,0.242749499,14.22857676
0,3.993057745,0,0,0.752608323,2.004399415,0.003434637,0,0.004685348,0.007221527,8.826541015
0.006957198,4.005889116,0.00409467,0.001175947,0.744631125,1.001044168,0.007503493,0,0.004718986,0.005801786,5.339337293
0,2.005070216,0.007015634,0.50566789,0.496508522,4.193449023,0.255296174,0.001678964,0.00505287,0.506591801,15.00990082
0.005110871,4.4983682,0.007739464,0.005134486,0,3.793440077,0.004450003,0,0.006431473,0,6.799750727
0.008279609,4.502674169,0,0.008386415,0.003783398,3.405041509,0,0,0,0.009467347,6.611700608
0.007155459,0.740768068,0,0.004389713,0,3.604481343,0.001095509,0,0,3.505064164,12.40061826
0.00509567,0,0,0.497332865,0,3.394703684,0.00251127,0.001016562,0,3.490490348,5.501162786
0.000248501,2.008358401,0.005956325,0,2.4917142,4.197697118,0,0.008485958,0,0.005256714,18.61864835
0.00173901,0.99857393,0.009566903,1.502423721,1.242183214,4.393537842,0,0.006929064,0,0.009780151,16.11987695
0.003141073,3.500803784,0.0033267,0.009487895,0.002398332,4.193004843,0.009311467,0.006480702,0,1.001633587,9.270334911
0,2.002572121,0.000724957,0.00946821,2.240035535,3.797537157,0.004205803,0,0.003129184,0.000402789,16.35062757
0,0.995130414,0,2.2412866,0.752618173,3.605663401,0.241976605,0,0.003544949,0,13.91934839
0.251297977,0.998594953,0.002127284,0.245806683,1.243745165,4.195778231,0.499972467,0,0.006242647,0.491055698,4.291511132
0,2.994815604,0,0.240360913,0,1.800371573,0.005194259,0,0,0.741985882,5.565893385
0.000527664,4.244080595,0.009845357,0.003872993,0.003916722,4.191370698,0,0.006249282,0.008571851,0.001896442,7.995778115
0.002837906,0.749462401,0.008545061,0.004963643,0.008123847,1.004923813,0.009593606,0,0.241929678,3.241997117,3.45576808
0,4.001242941,0.00256916,0.004465977,0.001569621,1.79297454,0.248022356,0.003004901,0.007502032,0,5.963841941
0,2.759287348,0.003927569,0,1.004439986,1.80839446,0.00520887,0.00431541,0.006249683,0.242941063,16.94630918
0,2.751076285,0.008200266,0,1.506983245,2.79191651,0,0,0.24688444,0.002799824,9.666795352
0.006412679,3.506410009,0,0,0,4.009503991,0.245104878,0,0.004932092,0.490168947,5.046646097
0.009785321,3.742327692,0.006348359,0.743762236,0,4.59731311,0.001183932,0.005632434,0,0.002080868,12.5008133
0.003950331,4.244294456,0.001579461,0,0.005763623,4.39207757,0.253077003,0,0,0.007232478,5.381361372
0,0.003296261,0,0.008615243,0.005668848,2.404222226,0.004389029,0,0,4.493273101,4.209281357
0,2.756163849,0,0,2.001294733,3.993898297,0,0.003508245,0,0.0027338,16.28993795
0,0,0,1.750871885,0.502514474,3.201393559,0.241527615,0,0.008734494,1.247175889,4.453378619
0,1.503053407,0,1.004502518,0,4.793802486,0.003665985,0.002617387,0,0.748619249,8.700259665
0,0.496777606,0,0.750662348,1.256140705,4.807428991,0,0.004183346,0.243548765,1.007329825,3.111832484
0,3.258992413,0,0.254168244,0.993243482,3.40425133,0.007238568,0.002026965,0,0.009539728,16.84752485
0.009163226,0.008193783,0,1.008452525,0.503927435,4.602385258,0.496238198,0,0.503180764,0.501915326,2.495576283
0.009404787,1.506640179,0,0.497931121,2.255883524,3.198609253,0,0.000623221,0,0,11.53436024
0.000126705,2.995434017,0.001578487,0.006580022,1.753261731,3.007056883,0.003387492,0,0,0,11.87825954
0,0.745473314,0.000565337,0,0.008896826,3.399057766,0,0,0,3.507003998,12.66761693
0.008264784,0.757545211,0.004673903,0.240737037,0.504879046,3.398134057,0.991458451,0.001811195,0.244877655,0.001242366,5.305156739
0.008483786,2.000398485,0.002897489,0.247421175,0.493287825,4.790546359,0.254283528,0.246136303,0,0.495801388,2.640749228
0,3.748263073,0.005282122,1.000392715,0,3.406748578,0,0.002530912,0,0.007120483,9.638459461
0.001630084,4.244986424,0.001022656,0.247563054,0.002428943,3.401215075,0.246597967,0,0,0.009387717,6.294649774
0.007122024,4.243468537,0.000431492,0.000791267,0,3.609932378,0,0,0,0.504668166,8.579747321
0.004869703,0.497674071,0,0.256042339,1.498047346,3.80552885,0.256888598,0.246358226,0,0.503488478,1.462671693
0.258880141,1.255059465,0,2.000038963,0.993516443,2.597675925,0,0.008289383,0.001618888,0,6.113513669
0.000658213,0.002205391,0,0.750678533,0.758507428,3.591507938,1.004021295,0.257608386,0.504027817,0.004260494,0.037500331
0.005989038,0.257550587,0.00869504,1.500247274,0.252625463,4.791114325,0.495487535,0.252800386,0.747883666,0.00017063,0.771758546
0,1.251226691,0.00574196,1.001973518,0.744123154,4.004734517,0.005689859,0,0,0.75772365,24.39957602
0,3.744173491,0.00694237,0.251587274,0,1.391621447,0,0.005837382,0,0.49117037,6.017029968
0.00618583,3.50406535,0.006792487,0.003673666,0.751305267,4.191290421,0.003425676,0,0,0,14.27002124
0.005979409,1.50618063,0.008527932,0,2.752811621,3.40558385,0.245156035,0.002452937,0,0.008546978,8.270603861
0.00738482,2.255731509,0.259966934,1.74281807,0.005886878,3.809947996,0,0,0,0.008704258,0.896553606
0.250759028,0.747937821,0,1.254803373,0.254354047,3.604504292,0.255718299,0,0.000500766,0.504418176,5.471659161
0.002594689,3.758260038,0,0.755745535,0.009023965,1.799215092,0,0.007838473,0,0.008433975,5.763242517
0,0.008379669,0.000191878,0.002189625,1.247323615,4.193976098,1.743318186,0.000676796,0,1.257314605,0
0,2.752316843,0,0.253317615,0.741738268,1.805277201,0.492412605,0.003385733,0,0,6.853663219
0,0.748864307,0.003746161,0,0,3.606327216,0.000148576,0,0,3.252389167,11.655396
0.254266642,3.250405425,0,0.503085314,0.247412776,3.208554367,0,0.004670828,0,0,5.951386783
0.009953475,2.749169695,0,0,1.751548468,1.604829552,0,0.004636569,0,0,12.68770552
0.250860674,0.496514861,0.000894505,1.007325255,0.757379957,3.407011796,0.007114968,0,0.006640836,0.241941869,5.795872758
0.004283081,2.258486089,0,0,1.743338811,4.802808636,0.000785493,0.005228551,0.505792285,0.008341508,3.764972154
0.006671665,2.755799831,0,0,1.244584316,3.600610184,0.497063069,0,0,0.006089902,6.383598845
0,3.008834201,0,0,1.003980985,1.603270066,0,0,0,0.501862893,19.12368561
0.007774449,1.750760043,0,0.253000071,0,2.405425603,0.243869332,5.07E-06,0,1.997451554,6.64832903
0.004979123,2.748938724,0,0.5091908,0,3.808183618,0.008366645,0,0.001176322,1.000591755,9.286169721
0,3.998584855,0,0.006965194,0.491207706,3.800615428,0,0,0,0.008503009,12.08861231
0.006153234,1.001017758,0,0.756243174,1.740871855,2.591786978,0.00737224,0.004979062,0.004374493,0.751430086,6.035305563
0.001307103,4.24066937,0,0.251585473,0.245414812,3.400768018,0.005378635,0,0.002583854,0,13.29149204
0,0.502952811,0,0.008634707,0.240801594,2.598007219,0,0.005290103,0,3.251940113,10.69400259
0.002509711,3.507021443,0.005086604,0.259076629,0.505959865,4.206060073,0.248645695,0,0,0.004397049,14.29089876
0.006503576,2.741577368,0,0,1.500575817,4.008978856,0.007979626,0,0,0,14.90676564
0.009122753,0.758053203,0.009989236,0.003534233,0.006626211,4.591919619,0.008245777,0.005347878,0.009177241,3.492976653,12.10972171
0,2.243489487,0.005090353,0,0.742529465,4.790858447,0,0.005572383,0,1.506368807,14.42068966
0.008430862,2.744635263,0.006660075,0.509816741,0.750712954,3.209739181,0,0.006327069,0.009564657,0.496176208,14.1634236
0.002166815,1.499357819,0.0041272,0,2.242560887,3.392279755,0.255761569,0.006739441,0,0.002547277,10.7264198
0,3.258550139,0,0,1.246310379,3.795789973,0,0,0.009024563,0,16.4647371
0,1.244678027,0,0.742032766,2.002967517,4.395132831,0,0.00204611,0.00785143,0,8.624612233
0,2.990083218,0,0,1.255792686,3.595400595,0,0,0,0.001161861,16.30828429
0,1.24675676,0,1.999556075,1.248481841,3.99932889,0,0,0,0.000387582,16.17228874
0,3.751343201,0,0.007780686,0.509771128,1.202031319,0,0,0.005187134,0.008714654,9.264645832
0.003234416,3.257850151,0.000640486,0.501866654,0.753366589,2.999563134,0.004309817,0,0,0,14.87030465
0.002921633,2.492366488,0.006048886,0,2.252761119,2.190959133,0.009856408,0,0,0.005795249,13.2487763
0.002773226,3.75737343,0,0.00482058,0.241656774,3.404689353,0.008376861,0.008702801,0.009299176,0.259234794,8.66358789
0.000548115,4.257459778,0.007780647,0,0.246260419,3.597070191,0,0,0.00799741,0.006918433,12.67952828
0.003997937,1.490266674,0,0.506318519,0.005326704,3.805197547,0.759713315,0,0.255783982,0,4.874966673
0.003137149,1.491402988,0,0.002209288,0,2.393578831,0,0,0.002924293,1.244127856,7.712570971
0,1.2498827,0,1.508935173,0,3.994821493,0.24446693,0,0.009870212,0.753714,6.53436071
0.004212966,3.247724438,0.009614565,1.007835396,0,3.004181305,0,0.003444742,0,0,5.292865626
0.005982816,3.251555656,0,0.255798553,0.254645723,3.203074095,0.250329897,0.002044542,0.005947745,0,9.636659103
0,4.006469041,0.009379517,0.256532015,0.000987932,1.194939641,0,0.003271815,0,0.254908839,5.76246443
0,3.998303152,0.005244031,0.250290829,0.009533553,1.604647505,0.248778791,0.002731654,0.009619831,0,5.58440888
0.002976247,1.491768904,0.004103867,0.002073784,0.009463509,3.407969645,0,0,0.00246042,3.003624071,11.61649597
0.004471818,2.259150071,0,0,1.501781953,4.204946169,0.75229967,0,0.003113109,0.000279435,3.80915197
0,2.004705674,0,0.00021678,2.503821709,4.802571459,0.007457582,0,0,0,17.89989103
0,3.745317622,0.008807038,0,0.004709142,3.998609636,0.006589711,0,0.005603264,0.992165746,8.633641084
0.004774767,0.002069055,0.001342794,0,0,3.401059511,0.005934685,0,0.000759334,4.242310844,4.777949544
0.256582161,4.248224689,0.007582562,0.003651718,0.258737253,3.405530019,0.005991553,0,0.003277623,0.000893962,6.589601233
0,4.253810077,0.006812503,0,0,2.602634998,0.24489488,0.0091518,0.005392923,0,5.350303567
0.004170728,2.003254253,0.004211627,0.241120762,0,2.595908692,0.254338473,0.00877165,0,2.008320162,6.783137786
0.008479288,0.257732003,0,0.504628602,0,2.601133836,0.006978925,0,0,3.509651169,6.724960799
0.005338577,0.999726669,0,1.248185964,0.753756321,1.801294025,0,0.008216313,0,0.494596836,10.21833573
0.008814492,4.497862315,0.006031203,0.001804424,0,3.597842475,0.005002947,0,0,0,6.395222021
0.001015274,2.494912656,0.00680824,0.258604631,0.25903755,3.406736484,0.249913913,0,0,0.004438948,9.958123687
0.000438892,2.996295551,0.00639806,0.00293681,0.00130232,3.791146793,0.008697464,0,0.00849848,1.756101121,9.612369563
0.004706293,2.498964592,0.007194441,0.008666414,1.997265227,1.791541466,0.009844677,0.003189968,0,0.009916532,13.53147251
0.005570269,1.994995033,0.006141274,0.500422258,0,4.001591191,0,0.00404833,0.00422047,1.750678765,10.31172365
0,0.49417639,0.006891833,0.002529777,0.005267793,4.396181961,0.491908683,0,0.008258254,3.257787362,3.452894715
0.006537018,0.999081069,0,1.509848761,1.756894047,4.5927986,0.252472337,0,0,0.008589968,5.878993471
0,2.00185876,0.003047213,0.001171905,2.254359437,4.197513066,0,0.002200026,0.008594444,0.007252256,17.50462075
0,3.758445761,0,0.004936796,0.245639176,2.598295298,0,0.009019734,0.007842866,0.001692671,10.21403723
0.004062711,0.994702294,0,0.491215773,0.003941036,1.404191339,0,0,0.001665853,2.505909985,5.610129533
0,4.257502571,0,0.003446146,0.003456273,4.407259862,0.009131812,0.002023884,0.00180732,0,8.141636229
0.000811315,1.497778521,0.000630425,0.741284162,0.743773093,2.209179245,0,0.0015727,0.000492735,0.505812402,10.6957038
0.004553795,1.995319437,0,0,1.99264941,3.996852683,0.000401409,0.006366202,0,0.503422158,16.93914059
0.003159288,4.50732998,0,0,0.005000106,2.207856348,0.000794577,0,0.00782395,0,5.39393263
0,0.740398685,0.00562767,0.005010534,0.009492053,3.592158251,0,0,0.008596444,3.754927515,12.80420776
0.006067152,0,0.002832038,0.009875808,0.505191494,3.190491991,0.005847329,0.000495478,0,3.758513663,1.085882638
0.005709414,3.752791733,0,0.004369599,0.255552675,3.597078915,0,0.005207169,0,0.256847775,9.360566537
0.00423781,3.501060776,0.003639294,0.008071492,0.992956186,1.790550811,0.005970848,0.00920689,0.007774897,0,13.07527575
0,3.995008426,0,0.254612156,0,2.797066629,0,0,0.008466741,0.009835223,8.636626367
0,3.743782362,0,0.002546124,0.74565127,3.609809105,0,0,0,0,12.62175018
0,3.49887386,0,0,0.997133236,3.200166343,0.009871282,0.007007375,0.001385622,0,16.14026519
0.258859039,2.508688443,0,0,1.756347256,4.397409595,0.002990781,0,0.002564561,0,7.661967793
0,4.243392984,0.006350679,0,0.256751827,2.601121918,0,0.006975904,0.005130261,0,10.3614843
0.003734545,3.750417653,0,0.995431693,0.003717233,3.998644076,0,0,0.002468764,0.00897417,11.9029864
0,1.501616183,0.006868126,0.003025139,2.248733736,2.203134596,0,0,0,0.258128339,12.0066194
0.005879314,3.241977105,0,0.248198903,0.74825409,3.596247088,0,0.003652231,0,0.000396514,15.66564546
0.006225389,4.007828575,0,0.74778501,0,2.405817324,0.005910468,0,0,0,7.437959782
0.254930748,4.259737437,0,0.007579043,0.005427835,4.20224238,0,0.0004526,0.00833374,0,4.586266274
0,4.001806263,0,0,0,4.597027199,0.259980671,0,0,0,5.001266335
0.005048215,0.753451197,0.005162401,0.00510984,0.009013972,4.396096503,0.008343219,0,0,3.750519917,11.90998024
0.008568027,0.503188249,0,0,0,3.601832768,0,0,0,4.000612619,12.04914811
0,3.748872065,0.002914915,0.008300817,0.758124945,3.598779682,0.009213176,0.006927207,0.254354203,0,9.086061858
0,4.247528298,0.002962516,0.008842893,0.001729957,4.602158255,0,0.004935404,0.253213179,0,5.483645627
0.001867539,0.494638784,0.003309719,0,0,4.199998231,0,0,0,3.99529916,12.10593432
0,3.500614771,0.004486147,0.008179831,0.2442642,4.791167922,0.009873725,0.009322413,0.244456946,0.505493323,7.036241937
0.009970584,0.250603519,0.005797733,0,0.00709861,3.795910446,0.000505939,0.004450672,0,3.751606259,9.075792235
6.57E-05,0.758213798,0.00158388,0,0.009844304,1.407276162,0.005874683,0,0.003099295,3.256242112,7.223004187
0,0.490365915,0,1.994032942,0.991346414,2.595321866,0.241769184,0,0,0,7.492692939
0.008854876,2.745883462,0,0.759353489,0.507890841,1.996200097,0,0.006187872,0.000684177,0.248091671,10.34038338
0,3.748789712,0,0.004255619,0.505671862,4.392755699,0.244818438,0,0,0,11.42691467
0.00883933,1.254233467,0,0.249191468,0.005441813,3.199965437,0.006557925,0.00286681,0,3.00888444,10.80429271
0,2.750969522,0,0.008994238,0.994739151,1.603909829,0.008667532,0,0.003449785,0.494555537,17.23887707
0.007430587,3.999745347,0.008127894,0,0.494390661,3.39138241,0.005667092,0.000513433,0,0,11.82266404
0,4.005432408,0.0073416,0,0.258851963,1.996718454,0.005204586,0,0,0.004629182,10.38386367
0,2.499626502,0.002046887,0.002774241,0,4.404862295,0.249084684,0,0,1.758391982,8.203963476
0.001355999,0.990071022,0.008760476,1.746142963,1.499656272,4.406415872,0.009760902,0.002495931,0.007409646,0,11.09355074
0,2.000525416,0.009734394,0.004263882,0.497494213,2.609456296,0.259130791,0,0,1.251213113,8.076663179
0.006205409,3.002739785,0.002950073,0.247625555,0.996491127,2.998960382,0,0.008786621,0,0.004934894,15.67305701
0.009063731,2.004449283,0.007308456,0.001155018,2.25875845,4.203602995,0,0.006480052,0.00017261,0.256213879,17.28403977
0,2.241176878,0,0.004275653,2.246692447,3.194057814,0,0.009254978,0,0.000784551,17.20083408
0,1.501064808,0,0.744740594,0.009823752,4.004259055,0.255127374,0.00060614,0,0.751753486,7.417460505
0,2.25172268,0.007343339,0,0.999034852,2.79535633,0.497665573,0.002304293,0.249282558,0,6.000875472
0,3.251364584,0,0.004757563,0,3.593757335,0.007594838,0.00486159,0,1.244876515,8.399090135
0.009395274,0.493371264,0.00798004,0,0,3.202457917,0.003247149,0.004866752,0,4.006159692,10.92335888
0,1.995023266,0.003339536,0.008330128,0.005657462,2.990601406,0.008101168,0.000133046,0.003494891,1.744992568,9.471130402
0,1.506470333,0.004756494,0,2.748261774,3.998029103,0.001660757,0.255553251,0.008317524,0,2.341798114
0.002024919,1.246298812,0.004306748,1.748279121,1.750842597,1.405526816,0,0,0.000551234,0.009048632,2.776842795
0,3.75726591,0.001562176,0.001973018,0.509067387,4.405124268,0.001416404,0.006530123,0.006533553,0,9.785005963
0.002971264,2.007276957,0.001428847,0,0.008677394,2.793359613,0.009720615,0,1.16E-05,2.255420878,8.761098105
0.001325059,2.245268256,0.004876954,0,2.244779155,4.195850838,0,0.0008028,0,0.007248834,18.48943361
0,1.758024582,0,0,3.001952507,4.407747432,0.004998669,0.000471644,0.001215192,0.007187844,13.02075402
0,2.4919239,0,0,2.240540767,3.200048819,0,0.009467094,0.006050587,0.000576075,17.02392509
0.007494714,3.499940161,0.001594824,0.002508104,0.740088941,1.399570643,0,0,0.001260924,0.006947623,11.26224704
0,4.249505954,0,0,0,3.207673207,0.001072061,0.009164541,0,0.003029626,7.036769532
0.00665277,3.502398465,0,0.99131303,0,3.609307651,0,0.008240305,0.003027843,0.003463141,9.737878172
0.008537251,3.757619791,0.00530037,0.245025436,0,4.596428969,0,0,0.24987456,0.248691169,5.513997182
0,1.253423118,0,0,0,2.390276169,0,0.0058486,0,2.99751682,10.85995628
0,1.002342255,0,0,0.249654785,3.20883044,0.493021603,0.000313882,0.005983975,0.00425206,6.475424485
0,1.00978843,0.008531012,0.496692311,0,4.399563322,0,0.257163799,0,1.7435789,2.101878294
0.007754454,1.003833807,0.005791419,0,0.240777878,2.796798798,0,0,0.004653042,2.746676309,12.74174484
0.252282108,3.008851846,0.003023586,0,0.743564279,4.396680698,0,0,0,0,6.68248236
0.001012077,2.259961966,0,0,2.24072925,4.396705296,0.006238495,0.003627422,0,0,18.29210762
0,4.001545519,0.002809735,0.00302669,0.258033858,2.992856328,0.007192773,0.004999703,0.004618241,0,10.79827914
0.005880163,1.491721894,0.007826183,0.745595798,0,3.591811014,0.002878174,0,0.257581467,1.74588803,5.406841693
0,3.007744308,0.004264776,0.005965914,0.503565945,3.792725188,0.000315469,0,0,0.757130728,15.19011664
0.009819556,2.755260757,0.0022276,0.00608419,1.007714105,1.799052505,0,0.008649792,0,0.751923017,15.72481421
0,0.999172534,0.005021044,0.744678572,0.751161213,1.996580421,0.00744753,0,0,1.492130909,9.396564053
0.005815438,1.99238183,0.003772081,0.003383946,2.502060737,4.404529354,0,0.004808651,0.000688344,0.008547141,19.11239543
0,1.252655085,0.000779775,0.002578597,0.009831364,1.991607835,0,0.003837328,0.002427754,3.496751164,9.804607674
0.001200377,0.754847281,0.2529957,0,0,4.596356549,0.00405171,0,0.009761727,2.500679386,1.665335715
0,3.995733028,0,0,0.259804324,3.392016765,0,0,0,0.008278666,11.06333067
0.005154194,0.255560804,0,0.009183259,0.499262464,3.003904116,0,0.008165452,1.25987935,1.24053407,0.177718655
0,0.496916739,0.251619275,0.740462816,0.496033859,1.60937754,0.499671506,0,0.754642675,0.502964173,0
0.008620547,0.002164626,0.242171669,0.490648714,1.750020229,4.405005027,0.743469512,0.009685474,0.250801742,0.009200227,0.411708367
0.006528242,1.008628064,0.242243568,0.245417706,0.507218793,4.005560901,0.007566025,0.497069166,0.245861987,0,0.378840489
0.506635897,0.756890521,0,0,0.750869039,1.398203746,1.245914233,0,0.509773646,0.259663553,0.699002279
0,0.247063438,0.00323755,0.007697943,0.740162889,3.603624172,0.256996718,0,0.245205779,1.008364594,4.745725196
0.00732072,1.24411558,0.005141732,0.241862093,0.003093886,3.200475504,0.491202282,0,0.748376329,0.005839295,1.733161725
0.499509152,0,0.00511985,0.756313014,0.004301967,3.799908779,1.501074122,0.254167268,0.504330414,0.258883247,0.288300661
1.246890757,0.259446937,0.243451646,0.744218828,0.009035638,3.409016016,0.251227257,0.490626737,0.247729476,0,0.491486298
0,0.755905942,0.494339044,0,0.257994774,3.407804967,0.006377794,1.250836353,0.009623575,0.000797762,0
0.003024939,1.502750962,0.744867032,0.251653902,0.259434763,4.806149174,0.754758811,0,0,0.258528123,0
0.257776314,0.241842811,2.259135477,0,0.008876362,1.395186618,0.008701282,0.491271774,0,0.257054138,0.254440634
0,0.752054013,0.255722481,0.004255507,0.007362384,0.997127791,0.0007519,2.750336366,0.009021926,0.742290139,0.19712667
0.001358952,0.247411917,0,1.507835159,0,1.008492385,1.257760895,0.003367723,1.505178392,0,0
0.250734397,0.246551643,0,0.755044227,0.000903194,4.807801845,0.005053539,0.742002338,0.002199541,0.245575349,0.220649007
0.007578621,0.991734248,0.504499286,0.756637649,0.74970962,1.409283328,0.24673599,0.007828032,0.243019382,0.505600943,0.092567863
0,0.008460563,0,0,0,4.79317648,0.245735717,1.250074372,0.492729342,1.006600064,0
0.745042543,0.002683487,0,0.007819941,1.49099999,2.806663416,0.741211694,0.250524033,0.508606784,0.007026162,0
0,0.000689694,0.245739381,0.752042579,0.759821262,4.803599032,0.249357078,0.002465302,0.995887288,0.744077683,0
0.254931424,0.742262261,0.252223373,0,0.749422839,1.803363259,0.251839228,0,0.249427367,0.999220043,0.163215378
0.240390441,0.495755551,0.255030094,0,1.240830373,1.198307224,0.497552674,0.745668988,0.505152471,0.241621365,0
0,0.998049409,1.757954428,0.741326532,0.492059926,3.196198,0.009368198,0.007316819,0.002940489,0.006626289,0
1.759292372,0,0.257710639,0.246008984,0.255504345,4.809075532,0,1.248446547,0,0.244118591,0.17066139
0.001972296,0,0.251436636,0,0,2.198721534,1.256477965,1.25642904,0.495960623,0.007597866,0
1.258755542,0.24627576,0.244316871,0.746523966,0,3.001090209,0,0.004592837,0.00567453,0.005408924,0.211273467
0,1.244428582,0.002013881,0.501381282,0.24617131,4.396118302,0.490296276,0,0.997567172,0.748318062,1.004643447
0.000834344,0.004823349,0.0097415,1.492512477,0,3.193407853,0,3.257988343,0,0.002645929,0
0.009454688,0,0,3.494691726,0,1.599216167,0,0.008898077,0,0.757603189,0.7003192
0.001166759,0,0.009870116,1.494583913,0,4.199241814,0.50572678,0,0,0.74147321,3.811831709
0,0.004549581,0,1.505019022,1.258724863,0.999244892,0.496255459,0.005661759,0.00175114,0.991634526,0.332796816
0.993046229,0.255388926,0,1.496320805,0.253564949,1.39326604,0.500848428,0.005661818,0.002976984,0.240929962,0.398441216
0,0.243709888,0.009273561,1.50517001,0,4.208330553,0.497372613,0,0.009333702,0.492922422,5.622495086
0,0,0.007382994,4.497577543,0.008147474,1.593767351,0.00713657,0.00342095,0,0,0.339456564
0.493564864,0.506704612,0,1.490316635,0,2.805806305,0.506105405,0,0.006264074,0.998898658,0.143259687
0,0.001762927,0,4.490812802,0.006351449,4.795050065,0,0.009742837,0,0.008226863,1.478202709
0.009847293,0,0,4.492369001,0.00478295,1.201008685,0,0.00280332,0,0.006370054,0
0.006677529,0.003335117,0,4.506023877,0,2.391298873,0,0.001799047,0,0.000776975,0
0,0,1.02E-05,4.50208599,0.006267753,3.4001391,0,0,0.007342602,0.001155764,0.828459237
0.004095608,0,0.008728513,4.492329517,0,3.79587288,0.004780671,0,0,0,1.037576564
0.002262269,0,0.001057276,1.498057544,0.252061551,3.192904073,0.501285997,0,0,1.005010234,3.022998973
0,0,0,1.495836772,0.504516673,1.19627872,0.491616571,0.006303799,0,0.508320483,1.683511071
0.008513767,0.002083021,0,4.493945158,0.001469901,1.99255636,0.000545355,0.002657052,0,0.004037491,0.369847105
0.002733922,0.257072461,0,0.006846013,0.003540117,4.793280762,2.002932121,0.005005629,0.002807649,0.501688492,0.683680826
0.00581732,0.248744979,0,0.005996275,0.004342351,5.002043827,1.746346043,0,0.007238953,0.49827365,0.240875269
0.002311402,0.244242772,0.009944233,0.006397978,0,5.003101128,1.255937863,0.008012798,0.001266222,0.754750819,1.527886374
0,0.250503391,0.009240511,0.744189749,0.008337378,4.396680713,0.242737072,0,0,0.003889275,4.671814756
0.003295014,0.248706827,0,0,0.003011766,5.002278141,3.246218377,0.008311779,0,0,0.856781291
0.00632531,0.255301631,0,0.755854587,0,4.400902043,0.251877952,0,0.008370255,1.005432132,5.076518568
0.009539372,0.24496411,0.002085495,0.001298699,0.007093235,5.001040988,2.006314557,0.003162903,0.002294508,0,0.495604347
0,0.253836007,0,0.745641575,0.00361639,4.394285705,0.257284512,0,0,0.250912064,4.892363793
0.000758613,0.256766367,0,0.755600471,0,4.4095339,0.24003136,0.000203175,0,0.492137486,5.112860876
0.002037324,0.247411717,0,0.742622122,0,4.408051817,0.243742253,0,0.003282388,0.749353149,5.413625899
0.00477039,0.252985647,0.006956272,0,0.001114559,5.001940398,2.493561741,0,0,0.00096647,0.14005266
0.000576324,0.248059715,0.00082513,0.747913591,0,4.394990704,0.50044812,0.008402444,0,0.259687214,4.613058593
0.005142982,0.247125996,0.008385757,0.740170675,0,4.400782318,0.500344587,0,0,0.508092949,5.197657244
0,0.256299836,0.008762504,0,0,5.006978142,3.751121237,0.000746193,0.003349417,0.004337321,0.559160043
0.00605695,0.258227341,0,1.75804607,0.257350762,4.79740826,0.253796607,0.007752601,0.000611006,0.7408169,8.832819755
0.000819742,0.498762577,0,0.509388913,0.752041337,3.20762689,0,0.000206328,0.251592682,1.007902476,8.768846611
0,0.501585974,0.004995476,3.248618481,0.250514865,2.398313183,0.247047388,0,0,0.007052849,1.105365222
0,0.499628938,0.004397209,1.744020258,0.498403318,4.395413352,0.506869991,0,0,1.003971466,11.30124216
0.006773163,0.503864373,0.000602025,0,0.248266702,2.800731346,0.505362046,0,0.25567989,0.758226798,3.650152622
0.007483778,0.745428965,0,1.497425903,0.003864986,4.198280289,0.743352975,0,0.246631018,1.009716924,3.829089784
0,0.244135152,0,1.745338092,0.243179755,4.991243657,0.257573785,0.002662889,0,0.752996932,8.310414524
0.00536551,0.505003266,0.005587688,1.746361748,1.746904248,4.000057095,0,0.004682874,0,0.252039204,3.991211116
0,0.250241418,0,0.25636553,0,1.994296472,0.240503323,0,0.255016537,1.502753124,2.526478247
0.00200542,0.241090407,0,1.249460129,0.006790701,4.399973545,0.240459587,0.003833793,0,0.756513319,5.628173917
0.009248791,0.257782846,0,0.004297131,0.249624404,4.206595358,0.250290859,0,0.506861903,1.504126649,1.453552636
0.257385411,0.24183398,0.002250429,0.991489515,0.995174226,2.801213214,0.502914097,0.003212459,0.244093788,0.240404896,2.257659773
0,0.509232586,0,0.007970547,0.505100089,3.993969523,0.257310555,0.004972361,0.758589084,0.502097697,2.225255729
0.254052956,0.249881507,0.003224822,0.507145799,0.252027943,4.609010224,0.005911263,0.009804624,0,1.497256857,3.577018112
0.253782226,0.503008115,0.009662199,1.254907253,0.242593036,3.808502087,0.997150764,0.00569744,0.007557744,0.243829171,4.015623647
0,0.24153723,0,2.501405597,0,4.59079124,0.749984488,0.001228336,0,0.497116353,2.130625409
0,0.254582884,0.006447855,1.244468701,0.49566385,4.999233543,0.008546118,0.006224262,0,1.007813129,9.062873892
0,0.492941621,0.007722754,2.509338334,0.247097288,3.207325433,0,0.245945749,0.005847254,0.008459043,0.599633527
0.005730271,0.256339058,0,1.246233089,0.490934829,4.403796443,0.252911272,0,0,1.007208559,10.19254992
0.006518728,0.505594297,0,0.756857771,0.248403595,2.990120275,0.244863975,0.250142058,0.259768113,1.501922095,1.129188686
0.002871166,0.251918248,0,1.243670773,0.99226015,3.598356317,0.494454905,0.247293832,0.497162542,0,0.889480309
0,0.499380014,0,0,1.244206779,4.802662919,0,0,0.004665158,2.505155733,4.493579426
0,0.995737592,0,0.741326917,0.758829351,2.794258516,0.991618275,0.005587879,0.009601227,0.246670593,7.834795488
0,0.998283454,0.004581658,0.24190733,0.747582398,1.592680348,0.24448404,0,0.247291681,0.996330245,3.618041286
0.009871106,0.258372415,0.000605277,1.249576431,0.505358245,4.799792597,0,0,0,1.006711115,9.541369497
0.001356775,1.007027775,0.005805929,0.742379089,0.24373334,3.796190199,0.99452571,0.003545198,0,0.992483096,8.530219532
0,0.002037002,0,2.24818693,0.246980221,3.79510339,0.000789043,0,0,2.000846429,1.980331056
0.00633792,0.24731095,0.006011311,0.495818657,0.752219158,1.000168701,0.752468943,0,0.498104469,0.241569463,1.107221355
0,1.495055381,0.002141016,1.253861902,0.991610884,3.807727827,0.005887533,0.007895013,0,0,21.08317658
0,1.246737175,0,0.7486423,0,2.600218868,1.2482623,0.000189835,0,0.742753209,3.600065305
0.008183216,1.503073202,0.000530765,0,0.751442603,3.995208728,0.492926272,0.007199324,0,0.244336898,12.48612074
0.005964447,0.509139023,0.003154956,1.002434354,0.49533715,3.997246814,0.0013633,0.008234088,0.007576656,0.747038617,16.99137105
0,1.249273118,0.005501225,0,1.00445896,3.608782356,0.501976345,0,0.240470913,0,6.85752343
0,1.998785593,0.005688167,0.492309367,0.503697607,4.003826842,0.257186525,0,0,0.250096499,14.1798141
0.005956062,1.505288299,0.002506705,0.494191781,0.009139151,3.394858519,0,0.000111383,0,2.508003399,8.885259307
0,0.503171498,0.258316049,0.753363123,0.259289248,4.204834937,1.250840642,0.000191101,0.252734522,0.2400905,0.181556982
0,1.004682825,0.241766728,1.505967208,0.492894161,2.606631212,0.246651142,0,0.001829094,0.004321182,1.69243713
0,0.24107406,0.001679268,1.248521106,0.752258722,3.797758286,0.007536097,0.000500663,0.001750848,2.503829644,2.191714487
0.007625215,0.746274698,0.002085313,0.997634674,0.509356718,3.99199626,0,0.008108858,0,0.744132792,21.78946918
0.004551058,1.002494647,0.244467953,0.503072569,0,4.797732191,1.254581465,0,0.255076682,0.494424806,0.481848473
0.257410592,0.997731231,0,0.007604324,0.003508962,3.397608821,0,0.006293535,0,3.256509509,4.95487456
0,1.752022834,0.259883718,0.249202878,0.25356618,2.390697419,1.005485588,0,0,0.25122451,0.34744815
0.005778002,1.249727964,0.006201682,2.996934851,0.0046246,3.595036576,0,0,0,0.254633053,2.700784117
0,0.742606479,0,0.495489415,0.001181837,2.992514206,0.000878474,0.009491535,0,3.248024714,10.81803122
0,2.251878236,0,0.749311515,0.749331626,1.597194018,0.24174675,0,0.009523739,0.248161991,9.056747699
0.243690802,2.247762041,0.005610485,1.007994455,0.007043191,3.797491801,0.008812129,0.009489148,0.009337432,2.62E-05,3.714110117
0.250574052,2.241750268,0,0.257789984,0.994369115,4.804475442,0.000344718,0,0.002778302,0.509972055,7.828349491
0.241006561,2.257584081,0.000466121,0.505309252,0.497409334,3.007289262,0.255382113,0.000313079,0.004775507,0,5.746244251
0,0.990185963,0,0.996798999,0.493671674,3.796115255,0,0.005394738,0.002561631,0.249521792,18.44211781
0,0.249263077,0,0.495655707,0.501083795,3.804142698,0.252838819,0.005494287,0,1.253821895,7.526689753
0.247162697,1.242689821,0,0.759754528,0.742762132,1.007082925,0.002827103,0.006354489,0,0.250014796,2.65776412
0.00420025,1.259425156,0,0.506384921,0.504447861,4.609782881,0.008816397,0,0.00864208,0.751100236,17.31901461
0.002555295,1.505008104,0,0,0.243592179,4.406206016,0,0,0.49361558,0.254569775,4.009383442
0.501260279,1.241652188,0,0.999519559,0.748392769,3.391867389,0.006940126,0,0.245427728,0.247629925,0.761308903
0.253098996,1.991706775,0,0.748650628,0.258578787,1.990652616,0.497641034,0.004692905,0.248844983,0,2.340007436
0,1.744375359,0,2.492090228,0.000926947,3.797185257,0,0,0,0,4.936808062
0.005359886,0.255894895,0.006761109,0.005471532,0.002035681,3.992335287,0,0.007849999,0.007734347,4.257960197,8.138668177
0,0,0.009266768,0.255117096,0.003952794,2.203461112,0,0.00924178,0,4.253973518,3.840042549
0,0.750953108,0.001757668,0.494274853,0.247649271,3.802869318,0.257270509,0.00086986,0,0.994251761,10.99361369
0,2.750440593,0.003085782,0,0.002579854,4.800162155,0.004934709,0.00776547,0.002271869,1.749718458,10.08310572
0.008914215,0.006364256,0,0.496390128,0.004606656,1.794997412,0.0019764,0,0,3.244657935,2.264507886
0,1.259780842,0.00143533,0.007156344,0,0.996256097,0,0.006018642,0,3.256489252,6.028580687
0.004804827,1.006775008,0.008547089,0.991348238,0.749322216,3.999451514,0,0,0,0.509587223,27.19430024
0.000377984,0.503128142,0.002698227,0.747982045,0,4.205228109,0.741664231,0.006665997,0.008464845,2.257760135,2.448601919
0,1.25658753,0,0,0.249656945,1.194911545,0,0,0.006016394,2.758372821,8.708966996
0.002046263,0.007117193,0,0,0,4.006067929,0,0,0.00288784,4.241247387,4.002927422
0,2.24275307,0.00132219,0.259032672,1.747703494,3.797161498,0,0.006513833,0.253270764,0,11.84235483
0.001249882,2.499441934,0,0.000144651,0.004659978,4.796096777,0.006494686,0.009797019,0.00847647,2.009086738,10.1486951
0.000588153,0.240958547,0.009581676,0.254430416,0,2.807104142,0,0.00211985,0,3.753961476,8.565897856
0.006947873,1.507503965,0,2.24619906,0.247561821,2.008709712,0.00805823,0.006072969,0.005943963,0.256932021,5.905473309
0.006072958,2.494440386,0.003298655,1.506710302,0.241863965,4.196767803,0.008117667,0,0.007963523,0,9.672961756
0,0.749817745,0.004955815,0,0,3.001610343,0.009936361,0,0,3.243830689,11.43242114
0.005111998,2.504578149,0,0.742550684,0.250464201,1.00885449,0.242169869,0.000765621,0,0,5.335994777
0.252126558,2.75189809,0.001610465,0,0.009213722,4.792634841,0,0,0,1.248639855,3.529267634
0,0.755674976,0,0.992848938,0,1.797344739,0.506728429,0.005437502,0.007521721,1.999976319,1.144382786
0,0.001639733,0.0008496,0,0,3.79608447,0,0.006495635,0.00753564,4.241909052,3.899053578
0,2.246461072,0,0.009150067,0,3.993641176,0,0,0,2.251436169,11.1253553
0,0,0,0.009639583,0.002665827,3.609574947,0.000715561,0,0.008973476,4.741366644,3.623895068
0,3.74955649,0,0.495846764,0,2.607200128,0.243192366,0.001245324,0.00128698,0.009000529,6.536132813
0,1.992382753,0.002626015,0,2.751815973,4.591190332,0.004976083,0,0.008749324,0,16.52287704
0,0.000898913,0.001912343,3.006135331,0.750552917,3.995560222,0,0.003379461,0.251358522,0,1.316227633
0,1.008602757,0,0.255800375,2.25289009,2.395965684,0,0.006446898,0.505114147,0.006309337,1.888005553
0,2.502070615,0,0,0.002780789,4.596776585,0.254833354,0,0.250768503,1.244375531,3.945214156
0,2.495563017,0,1.740007015,0,4.794212765,0,0,0.00540827,0,4.242980932
0.002107433,0.250754157,0,0,0.249587323,3.602812131,0.250369195,0,0,3.248812337,5.287980346
0.004040447,1.001040857,0.0039034,0.499287951,0,4.391085063,0,0,0.009344975,3.009494787,11.05558852
0.008519899,0.997610014,0,0,2.246631449,3.797177047,0.508864072,0,0.007667765,0.505564994,3.317143771
0,0.74416634,0.001612658,0.491712914,1.509017489,2.391132676,0.499377855,0.249063453,0.004223498,0.250630035,1.443675319
0.008179084,2.006695371,0.000757623,0.000833577,0.007285422,4.201904673,1.491717115,0.005193261,0.007806302,0.248594297,1.321991492
0.008067102,0.007502743,0.001326015,1.493014643,0.992916184,2.798122033,0.246968116,0.008877842,0.004577623,1.240363948,3.025271343
0.003414962,0.009746358,0.000243852,0.008263718,3.241163227,4.791636941,0.496568151,0,0.0014434,0.004072977,0.4726871
0.003414099,0.253171687,0,0.008357791,0.007381321,3.799378165,0.254329563,0,0.008631219,3.753608487,6.716358324
0,2.759115456,0.002800599,0.003427357,2.006323528,3.590755187,0,0,0.000246926,0.007416202,15.25508594
0.00286969,1.240595901,0.003569431,0,0,1.990246602,0.25890617,0.0050866,0,2.507333776,6.148742831
0.007512696,3.496638503,0,0,0.003811699,3.803206372,0,0,0,0.748821819,8.126135431
0.004717139,3.498662386,0.009877064,0.758564841,0.254232272,3.809370012,0.00683731,0,0,0,17.3294554
0,1.242554504,0.004592673,0.259790006,2.259490024,4.599972601,0.004420306,0.00454279,0.241103297,0,7.03925357
0,2.751478574,0.00076128,0,0,4.399200951,0.000842291,0,0,1.758300994,10.23963543
0,0.75997391,0,1.493545788,0.508147831,3.19052812,0.495264157,0,0.000465579,0.74320075,10.1795562
0,4.250914956,0.005674747,0.001010092,0,4.590291094,0.246740124,0.001366451,0.002763735,0.001822984,5.270728725
0.003983688,2.254128236,0,0.005357105,2.25196938,4.19948562,0,0,0,0.005438863,18.03681729
0.252968317,2.243072986,0,0,0.994825483,3.197364699,0,0.006467581,0.004589544,0.992268562,5.494329536
0.008397016,3.004658348,0.008218185,0.254955212,0.747302219,2.795418983,0.003993759,0,0.251756952,0.009387358,8.454680435
0.000946778,2.745168468,0.00114977,0,1.503419092,0.992049417,0,0,0,0.004835152,11.55871337
0,1.254479871,0,0.996410262,0.49472372,2.191577978,0.006423952,0,0,0.744884953,11.608281
0.000601518,2.507343998,0.004111177,0.008402503,0.000194498,4.207792167,0,0,0.009217401,2.259576458,10.9239772
0.006784711,3.000027683,0,0.005771966,0,3.394375445,0.002161706,0,0.00594606,1.250521397,8.814636693
0.005732268,1.756631203,0.00522449,0.242040952,1.497046632,2.394356911,0,0,0.24947932,0.2457901,7.626831262
0.002966465,3.245938915,0.004767603,0.248000721,0.244683122,3.3994011,0.005732888,0.001378804,0.007891365,0.756065711,12.74329029
0.007898041,3.242700551,0,0.251869846,0,4.190875079,0.002861028,0,0,0.993177389,9.762657321
0.005471314,1.493698763,0,0,0.250792973,3.00719504,0.009335575,0.002196317,0,2.755640367,13.63738996
0.003108027,0.007299193,0,0.008108163,0.009050243,4.408109127,0,0.007386438,0,4.249650826,4.089582459
0.252853953,1.249681224,0.002876129,0,0.250628683,3.395681818,0.009048941,0.006335331,0.003513661,1.758542755,5.313011848
0,3.99321941,0.009302223,0.006173374,0.246686955,4.009710109,0.009909271,0,0,0,11.07985851
0.00784467,1.492940026,3.03E-05,0.006707882,2.999020075,1.20429441,0.008990412,0.002781442,0.004527674,0.007273836,2.632588172
0.006462533,1.507892869,0.000433212,0.751800706,0.748752101,4.593277772,0.496739818,0.253722556,0.000672909,0,3.231717994
0,4.741850741,0,0,5.52E-07,3.5966891,0.008669706,0.007209669,0.000405535,0,4.165702117
0,2.243950433,0.006497893,0,2.255553471,4.396579156,0,0.005481887,0,0.00084038,18.44489431
0.008041982,3.750228232,0.002282582,0.753070685,0,3.998029799,0.002622237,0,0.001314959,0.004575636,13.06131748
0,3.495659252,0.002471236,0.75585884,0.252009042,2.195593985,0,0,0.004326467,0.006036469,9.276731919
0.003781964,2.509390003,0.002439811,0.003376514,1.742118753,4.593089379,0.006004123,0.000629319,0.00019513,0,17.0979302
0,3.999163028,0,0.008514339,0.248767658,4.208164434,0.000394665,0.000532046,0.254087751,0.00531205,7.760010277
0.005515681,1.496718543,0.006943584,0,3.247521366,1.009696693,0,0,0.000165566,0,2.135690518
0,1.997955683,0,1.005248461,0.74658931,1.190522424,0,0.002583977,0.252919326,0,3.67884435
0,1.742623311,0.000816366,0.741147305,0.009780753,2.400313597,0.002734139,0,0.007265792,2.000351943,7.430436083
0,4.008205206,0,0,0,3.193287239,0.259084945,0.252405763,0,0,0.807295425
0.008647007,4.001354383,0,0.501989817,0.244807846,2.993908393,0.008552855,0,0.005767881,0,12.57377856
0,3.259130929,0.000223846,0.505793601,0.50084491,3.808231472,0,0.000727482,0.003454175,0.004794576,16.68279252
0.004398417,3.747291758,0.009961706,0.996889101,0.003309393,2.202364719,0.003234807,0,0,0.001633855,5.60950455
0,4.00040264,0,0.007332276,0.499717097,2.802786973,0.006396263,0.001693515,0.005390587,0.003401947,10.91670621
0.007950762,1.993487365,0.004508443,0.248742147,0.001861908,3.597844006,0.496908979,0.009643342,0,2.003248467,4.441730172
0.255143753,1.004773256,0.002841847,0.242079451,0.741720334,3.998809743,0.003466545,0.007783553,0.004027274,0,5.364517112
0.004685735,0.24762018,0,0.007348552,0.507693167,2.995894689,0,0.006480854,0.009083907,3.254174695,4.862062113
0,3.752637436,0,0.002846947,0,3.391640325,0.252584659,0.006675305,0.002804515,0.501203993,5.799912548
0,2.991260508,0.00369182,0,1.240034787,2.000985362,0,0.005532135,0,0,16.86548526
0.0080259,1.756688823,0.001223761,0,0,2.991158799,0,0.005312733,0.001517287,2.743031958,10.99201389
0,3.753618156,0,0,0.00935295,3.402464361,0,0.003027152,0.240042538,0.002407026,4.346917935
0.001122238,1.246310505,0.001983851,1.994015082,0,3.990883572,0,0,0.005273198,1.497627039,5.12146559
0.002229609,3.251325216,0.00406886,0.251907762,0.008232161,2.996550421,0.256865016,0.003861728,0.000231472,0.24348733,6.44052699
0.251071885,3.003540425,4.86E-05,0,1.247201441,2.390419827,0.006656126,0,0,0,7.388618019
0.000117312,0.248079301,0,0,0.00704163,3.39332795,0,0,0.001696725,4.259434897,7.345442793
0.001720403,0.506350681,0,0,0.003094762,2.595028547,0,0,0,3.993011461,10.59634613
0.006759914,2.756186831,0,1.242031843,0.503412641,2.194226161,0,0,0,0,8.271316785
0.003166717,2.001200673,0,0,0.242588593,0.994555871,0.006732862,0,0,2.498801493,6.57798015
0.009820746,3.500287136,0,1.25538069,0,3.798011128,0,0,0,0.00156196,7.361695217
0.003380483,1.002768328,0,0.750036496,0.752668089,4.007595182,0,0.001593928,0.001755447,0.506551201,25.60834846
0.004391483,2.758926845,0,0.000208219,1.497605557,2.80483318,0.008816262,0.006129433,0,0.00832403,14.94714801
0,2.749452729,0,1.750390484,0,2.79673933,0,0.003704721,0,0,3.400684315
0.006317501,3.749121508,0,0.496256521,0,4.205637978,0.24387429,0,0,0,7.507353578
0,3.495066012,0,0,0.757942707,4.599475961,0,0.00718734,0.005882188,0.242946901,18.11057534
0.007015427,0.997239398,0,0.002452508,1.740039429,3.402776385,0,0,0,1.493320509,7.686891476
0,2.992744421,0.003133272,1.496094826,0,4.59099462,0,0.005567807,0.008883002,0,3.845588004
0.007398485,3.497208177,0,0.252966374,0.240139226,3.407855464,0,0.002601947,0.001760084,0.000387307,12.67955729
0,0.992075462,0.001280933,1.5062126,0,3.200969639,0.000441115,0,0,1.992133653,3.687201097
0.009521819,3.744286129,0,0.005284435,0.492928347,4.00931059,0,0.008140492,0,0.00677211,8.253704656
0,2.995752625,0,0.256310937,0.740064257,3.99284093,0,0.000132863,0,0.001364996,14.55698072
0.241146008,3.99143617,0.005455912,0.005349417,0.004128942,4.409734297,0,0,0,0.256193065,4.238872485
0.00698799,1.006963904,0,0.004728217,1.756975102,4.192255911,0,0.007938044,0.006232361,1.49469992,8.5644593
0.005939196,3.751727007,0,0.002537722,0.748185075,3.993236728,0,0.005710007,0.001235377,0.248692667,14.50187672
0.008951609,4.005673968,0,0.00681347,0.504288704,3.590167647,0.005370043,0.00251027,0.001852357,0,11.65380878
0,0.244568441,0.007281709,1.248931648,1.241802391,3.404258159,0.506076579,0,0.242401405,0.249422653,3.944678855
0.005154467,3.00978056,0,1.246936132,0.490583381,4.009024108,0.004193064,0.002816467,0,0.005636309,10.74961715
0.255535954,0.50340942,0.006957533,0.007441124,0.24228269,4.405160707,0.005517486,0.004850994,0.241543261,2.749437809,3.21684433
0.008046699,3.250857256,0.000344616,0,1.506701477,2.800350177,0,0,0.002020647,0,12.18702763
0.002533807,4.502509434,0,0.252761905,0,3.40368333,0.008202486,0,3.90E-05,0.002238246,5.992161684
0,2.004221555,0.004590203,2.00592235,0,3.808494899,0.005414343,0.006611457,0.001800958,0.509106785,6.543027468
0,0.254858744,0,0.503050134,0.002069988,2.791149311,0,0.006432444,0.004137453,3.248269987,6.935345165
0.007353218,1.995936605,0.001055217,0,2.007339235,4.406410662,0.006461943,0,0,0,17.27557454
0,3.757061343,0,0.755444422,0,3.607243457,0,0,0,0.00461122,11.28585315
0,3.501215013,0,0,0.240352908,3.002825788,0,0.009874783,0,0.502723972,10.27607134
0,2.25627732,0,0.254157303,1.741473993,4.599697999,0.008906677,0,0.00462383,0,17.7795505
0.003747333,3.245311371,0.007420281,0,0.00018294,3.208019511,0.247459667,0,0.00959463,0.251610801,5.594764697
0,3.499247375,0,0,0.25817434,4.390379429,0,0,0.257412428,0.006500943,5.474146637
0,3.504070673,0.005190221,0.245879167,0.247658211,4.004026892,0,0.009338718,0.006935281,0.251390559,13.59584498
0,4.245836396,0,0.008361375,0.007803473,4.000727701,0.248043199,0.002087399,0,0,5.508305398
0,4.250832731,0.006369934,0.00721719,0.00350392,2.199562084,0,0,0,0,6.404070761
0.258343153,1.501360524,0.006892957,0,2.759213306,4.395267093,0.003043876,0.006481678,0.000387841,0.006875473,5.498782452
0.006534108,2.757603016,0.004445818,1.007445286,0.004862629,3.009407636,0.242783982,0,0.001035158,0.498594152,6.555576538
0,3.743068414,0.005177631,0.756350939,0.008495164,4.403073622,0.006257392,0.005583165,0.001282143,0.001767003,13.00220783
0,4.491591254,0.005308194,0.004623044,0.002159003,3.002032793,0.008721282,0,0,0.006199491,5.680526482
0.001790222,2.505150052,0.009075645,0.00787658,0.000338613,2.590448715,0,0.00943563,0,1.496276089,8.291090044
0,3.006456312,0,0,0.754799381,1.394398881,0,0.005072624,0.007701294,0.990486833,13.73298892
0,1.501025568,0.008830127,1.255769767,1.249927769,2.605368985,0,0.000104854,0,0.493854918,11.44872872
0.002788368,3.009598723,0.006430484,0.006180034,0.491741316,1.806252179,0.499029724,0,0,0.006627044,6.029132309
0.006014169,1.995799382,0,0.000723625,0.00567768,2.407539033,0,0.001713649,0,2.493378494,9.282985911
0.009303281,2.502973787,0.005468195,0.240787977,1.495660976,4.209840426,0,0.007076687,0,0,15.9958641
0.008198975,0.757686382,0.002363364,0.009618404,0.753182928,4.592548846,0.001388285,0,0,2.99454279,11.20710858
0,4.25480752,0,0,0.258645869,1.80931035,0,0.004992472,0.000234079,0,8.081263345
0.242019287,1.743053524,0.009190284,1.505057252,0.753317551,3.000330652,0.001405765,0.004851828,0.005207866,0.009775536,7.341002719
0.004337846,3.501513038,0.008806322,0.504631045,0.008768852,2.602219017,0,0,0,0.00929609,7.761816112
0,0.741759596,0.009913892,1.259102077,1.254999405,1.395999766,0.005937021,0,0.001042945,0.755077258,4.711435096
0,3.242397263,0,0.007735789,0.747555914,3.609190964,0,0,0,0.008858482,14.80504412
0,4.259519459,0,0,0.242446745,2.798943075,0,0,0.007771207,0.00564084,11.09812601
0,3.242244053,0,0.251146714,0.756592836,3.99176786,0,0,0.009674063,0.499821021,18.99263755
0.246504689,1.752545673,0,1.00494042,0.496415002,2.79081103,0.000861593,0,0,0.006146529,5.493027999
0.251478119,1.99527601,0,0,1.003286234,3.598671035,0,0.004772857,0,0,4.980751255
0,3.252430839,0.000603303,0,0.998780569,3.603995826,0.001247669,0.000302203,0.250532673,0.009312459,10.82488542
0,1.740809169,0.249708734,0.498426691,0.757881849,3.595400263,0,0,0,0.249034925,3.282332809
0.25669168,1.50581777,0,0.491000889,1.75258668,1.60516449,0,0.008453349,0,0.240858451,4.126118013
0,4.245023229,0,0.009514895,0.507487592,2.996690629,0,0,0,0,12.39041931
0.006920722,0.240551133,0.002284185,0.007287008,0.009373391,3.991566094,0.00899954,0,0.006262966,3.747054344,8.66557135
0.009734592,4.004786305,0,0.003171673,0.246911525,4.604165326,0.006922257,0.001164153,0,0,12.29281311
0.002323053,3.491872701,0,0.747380644,0.004404163,3.601370832,0.006897382,0.001190059,0.007382676,0,10.06252306
0.000441401,4.745697957,0,0,0.00252447,2.206175124,0,0.00419403,0.007551557,0.008433012,3.088524894
0,1.242568142,0.00567411,0.255749919,2.751762113,4.392878936,0.00865814,0,0.009069474,0,9.307236215
0.001652055,2.001121804,0,0.004696909,1.995582247,4.608971299,0.005136778,0,0.003589714,0.258454236,18.32140476
0.008030767,1.009309172,0.004652239,0,2.990273093,4.607885162,0.009596243,0,0,0.247474748,4.529303577
0.008672146,0.993597264,0.002678548,0.74683333,0.748037207,4.202657159,0,0,0,0.502632424,23.99961733
0.009868277,0.492573223,0,1.756240126,0.497962421,1.992903036,0.243086205,0,0.002361399,0.997987719,4.636096093
0,1.005375307,0,0.74557906,0.742071066,4.001756757,0,0.001669841,0,0.253162093,22.28331873
