session,family,replicate,version,development_score,selected,complete_runs,new_evaluations,source_sha256,source_snapshot,historical_development_score,anytime_score,final_score,scoring_metric
continuous__rep1,BBOB,1,0,0.4719654907554889,False,8,400,df1998d83ee637a360977c6447f219616c1c913dab477c2cac9e8b9c5f027fc0,table_data/current_diagnostics_20260920/data/revision2/programs/continuous__rep1/v0.py,0.6743518891333249,0.417093558222127,0.6,S
continuous__rep1,BBOB,1,1,0.6535852298659495,False,8,400,660f9cabf9acd647dd35fcb1e4c0f73b38783345657c4bf35d7e4b63a26f34e9,table_data/current_diagnostics_20260920/data/revision2/programs/continuous__rep1/v1.py,0.7160970029390047,0.590977508409692,0.7996699132638837,S
continuous__rep1,BBOB,1,2,0.6595452145413582,False,8,400,99fbb6cc505345d161cf88f1a2f8caa38fb122f98ae038835ed74e744513a527,table_data/current_diagnostics_20260920/data/revision2/programs/continuous__rep1/v2.py,0.8108328832333002,0.6144707215867783,0.764719031435378,S
continuous__rep1,BBOB,1,3,0.6509103210190378,False,8,400,011e11757db259085557b44397653c33e59ae4d7ea7e5961a896418cc13db6b2,table_data/current_diagnostics_20260920/data/revision2/programs/continuous__rep1/v3.py,0.7979867892984583,0.6043206847488519,0.7596194723161382,S
continuous__rep1,BBOB,1,4,0.6364832031793479,False,8,400,a39c6083b9e6ff9ea08072e4b0095693c9aa1fca40aed8a317cdcb275fef8f08,table_data/current_diagnostics_20260920/data/revision2/programs/continuous__rep1/v4.py,0.8158401234745324,0.5692048820412481,0.7934659525015813,S
continuous__rep1,BBOB,1,5,0.6337685836227829,True,8,400,2719bfe91b4dc49033d006286e61f2fc8aa73370e66b22e22a469a3852d600ee,table_data/current_diagnostics_20260920/data/revision2/programs/continuous__rep1/v5.py,0.8187167330880187,0.5650378207945926,0.7941403635552269,S
continuous__rep1,BBOB,1,6,0.6117082836810084,False,8,400,391fdebb2a566137210a5375c7f231e5722e9bc4e11485dd273094491cf631ee,table_data/current_diagnostics_20260920/data/revision2/programs/continuous__rep1/v6.py,0.7873139523763844,0.5425804147146477,0.7730066446025164,S
continuous__rep2,BBOB,2,0,0.4719654907554889,False,8,400,df1998d83ee637a360977c6447f219616c1c913dab477c2cac9e8b9c5f027fc0,table_data/current_diagnostics_20260920/data/revision2/programs/continuous__rep2/v0.py,0.6743518891333249,0.417093558222127,0.6,S
continuous__rep2,BBOB,2,1,0.47016309827749003,False,8,400,dfb57cbefac95e12a140ed9298dd1f0e542ff75d44b0038266cf6cb215171b44,table_data/current_diagnostics_20260920/data/revision2/programs/continuous__rep2/v1.py,0.6144524424320296,0.3744127288218322,0.6935806270073583,S
continuous__rep2,BBOB,2,2,0.41659191499079606,False,8,400,c7c41f9dec55ff6ed54c07fc37c1096583e80336ace7d9e7258724e297c0af3a,table_data/current_diagnostics_20260920/data/revision2/programs/continuous__rep2/v2.py,0.5707910589194054,0.3547145231732306,0.560972495898449,S
continuous__rep2,BBOB,2,3,0.4421452904462851,False,8,400,bb6cc03616d72b3d4f66743791c8d3bd468f4f605e4b90c68d55ee16653d1622,table_data/current_diagnostics_20260920/data/revision2/programs/continuous__rep2/v3.py,0.5108924392610417,0.3943123103272884,0.5537555773906107,S
continuous__rep2,BBOB,2,4,0.48771003794190726,False,8,400,b9713b5c558a94e1ccfbccf25bd276498fd17a790d388bf2c63ac17bfc9b78ac,table_data/current_diagnostics_20260920/data/revision2/programs/continuous__rep2/v4.py,0.637875909622018,0.4304670316426871,0.6212770526400877,S
continuous__rep2,BBOB,2,5,0.4603999270328618,True,8,400,114c45c04c6b73e8f2d7674294d8772118440f1eb7211664ff8c9b078e0fa699,table_data/current_diagnostics_20260920/data/revision2/programs/continuous__rep2/v5.py,0.6781967118448231,0.38764027959524333,0.6301724377206385,S
continuous__rep2,BBOB,2,6,0.3933170675618589,False,8,400,7f969141df395c5442d37c3e0401d58b7a02a72035e9e72d3c12325420622dee,table_data/current_diagnostics_20260920/data/revision2/programs/continuous__rep2/v6.py,0.5961682352571802,0.33269965070474966,0.5347577068951139,S
continuous__rep3,BBOB,3,0,0.4719654907554889,False,8,400,df1998d83ee637a360977c6447f219616c1c913dab477c2cac9e8b9c5f027fc0,table_data/current_diagnostics_20260920/data/revision2/programs/continuous__rep3/v0.py,0.6743518891333249,0.417093558222127,0.6,S
continuous__rep3,BBOB,3,1,0.669876348012523,False,8,400,9736608b30d4e3b4f3697cbe768b506f85a9cce855021d5f8b734ae1296ecb71,table_data/current_diagnostics_20260920/data/revision2/programs/continuous__rep3/v1.py,0.8379020766078223,0.6189399695565223,0.7887278977431916,S
continuous__rep3,BBOB,3,2,0.6832330134799263,False,8,400,dc0febed48004509e4c43a8b44032ef20fe1c69f57761c9e9bca383908337097,table_data/current_diagnostics_20260920/data/revision2/programs/continuous__rep3/v2.py,0.8299096502596464,0.6246855587206767,0.8198437412515086,S
continuous__rep3,BBOB,3,3,0.7591520867687707,False,8,400,a16569366f223f8b969a6838ff86dc8b553e2944090aa0b1176cf1a94a70a89b,table_data/current_diagnostics_20260920/data/revision2/programs/continuous__rep3/v3.py,0.8008950683720062,0.7009240427507706,0.8950175228107711,S
continuous__rep3,BBOB,3,4,0.7354178754583438,True,8,400,09c9d8b65b8f7565bbfc085a6edfc0936550b645d4bc4bbc67905f6943b8218e,table_data/current_diagnostics_20260920/data/revision2/programs/continuous__rep3/v4.py,0.8389875688452876,0.6896233961936746,0.8422716604092386,S
continuous__rep3,BBOB,3,5,0.7409999384824189,False,8,400,21cbb6f1c5f0f5e466885a5f371a51d483697d378b807e0895e511bd20fb2795,table_data/current_diagnostics_20260920/data/revision2/programs/continuous__rep3/v5.py,0.83767333577096,0.6956227485493677,0.8468800483262051,S
continuous__rep3,BBOB,3,6,0.6996480692398821,False,8,400,a66ecc30d9f08248b4a631a422d5216524cf23d75f688897a4ffdf80ebdf2e92,table_data/current_diagnostics_20260920/data/revision2/programs/continuous__rep3/v6.py,0.7174849926811244,0.6338474960367769,0.8531827400471275,S
hpo__rep1,HPO,1,0,0.50676129483546,False,8,200,df1998d83ee637a360977c6447f219616c1c913dab477c2cac9e8b9c5f027fc0,table_data/current_diagnostics_20260920/data/revision2/programs/hpo__rep1/v0.py,0.24245638845675288,0.46680184976494277,0.6,S
hpo__rep1,HPO,1,1,0.573936921967775,False,8,200,cc05a4f7a3e16074838097efbf9a42289311d9e8ac02a8488c16474e819a84bd,table_data/current_diagnostics_20260920/data/revision2/programs/hpo__rep1/v1.py,0.3630165210899598,0.5330827745552074,0.669263265930433,S
hpo__rep1,HPO,1,2,0.5768584189646666,False,8,200,d3aa083c76aa48a5191832292ed0e9a783152b952ef1ec2919a1a69d6ee25ae7,table_data/current_diagnostics_20260920/data/revision2/programs/hpo__rep1/v2.py,0.379341643671671,0.5331674294860109,0.6788040610815301,S
hpo__rep1,HPO,1,3,0.606932771301589,False,8,200,11abf55e9b5ccc6a019cb9f369bff643accda5fa4f8e67094c3be25d00057c6e,table_data/current_diagnostics_20260920/data/revision2/programs/hpo__rep1/v3.py,0.3863577132693796,0.5745351121266041,0.6825273093765538,S
hpo__rep1,HPO,1,4,0.5937131547793706,True,8,200,dd8e8bf1361d63f1cad785a809cbbd8365f3d53b73531c91f6d091be47464619,table_data/current_diagnostics_20260920/data/revision2/programs/hpo__rep1/v4.py,0.39289245891128277,0.5637933390029439,0.6635260582576998,S
hpo__rep1,HPO,1,5,0.5937131547793706,False,8,200,3708955c851a6502943eb1a2163fe8ff58af802d046e8df510e53015529131ee,table_data/current_diagnostics_20260920/data/revision2/programs/hpo__rep1/v5.py,0.39289245891128277,0.5637933390029439,0.6635260582576998,S
hpo__rep1,HPO,1,6,0.5937131547793706,False,8,200,3708955c851a6502943eb1a2163fe8ff58af802d046e8df510e53015529131ee,table_data/current_diagnostics_20260920/data/revision2/programs/hpo__rep1/v6.py,0.39289245891128277,0.5637933390029439,0.6635260582576998,S
hpo__rep2,HPO,2,0,0.50676129483546,False,8,200,df1998d83ee637a360977c6447f219616c1c913dab477c2cac9e8b9c5f027fc0,table_data/current_diagnostics_20260920/data/revision2/programs/hpo__rep2/v0.py,0.24245638845675288,0.46680184976494277,0.6,S
hpo__rep2,HPO,2,1,0.28532613240418125,False,8,200,de27f39fd4f69e6dae7676bf178b5e56e4aec301eaeeb62616660cbb1198685f,table_data/current_diagnostics_20260920/data/revision2/programs/hpo__rep2/v1.py,0.14229563328917227,0.2627979094076656,0.33789198606271786,S
hpo__rep2,HPO,2,2,0.6025428834067117,False,8,200,caa6f329c460870daef11ffb5117d5571ba66d9fd9d8fd572d5491cbc6f19c7a,table_data/current_diagnostics_20260920/data/revision2/programs/hpo__rep2/v2.py,0.30921808110621857,0.559490056128451,0.7029994803893198,S
hpo__rep2,HPO,2,3,0.6248814324242133,False,8,200,e840144204901a78d78f4bf5ac22417b07066ef361677a45f2bfa166cfb0173f,table_data/current_diagnostics_20260920/data/revision2/programs/hpo__rep2/v3.py,0.314489132215475,0.5844374105197471,0.7192508168679681,S
hpo__rep2,HPO,2,4,0.5893471092758908,False,8,200,3ef6c1b25f090ea2769238ef20661ff56054f68cb1164df6dccf2dd7febd3530,table_data/current_diagnostics_20260920/data/revision2/programs/hpo__rep2/v4.py,0.3079659352922053,0.5555427033486461,0.6682240564394619,S
hpo__rep2,HPO,2,5,0.6217954060320333,True,8,200,e69f21ddb74b68a37bf4b785c7a1eeb13a3ebdfe3e75f032fb30c5ddab50e13d,table_data/current_diagnostics_20260920/data/revision2/programs/hpo__rep2/v5.py,0.36547401487984843,0.5908932589662924,0.6939004158520955,S
hpo__rep2,HPO,2,6,0.6148235336494485,False,8,200,ae28f5bd9fab87e6373edd5e6c66d02817807c4e3f5711d5563f551ea19bd553,table_data/current_diagnostics_20260920/data/revision2/programs/hpo__rep2/v6.py,0.3555086859509023,0.5907606923827345,0.6709701632717815,S
hpo__rep3,HPO,3,0,0.50676129483546,False,8,200,df1998d83ee637a360977c6447f219616c1c913dab477c2cac9e8b9c5f027fc0,table_data/current_diagnostics_20260920/data/revision2/programs/hpo__rep3/v0.py,0.24245638845675288,0.46680184976494277,0.6,S
hpo__rep3,HPO,3,1,0.5771018245692284,False,8,200,b1219fc6a0d4f72cd80d7b6d30f2f54c4b4ec28ef47c6c23a93b607dfbf4d647,table_data/current_diagnostics_20260920/data/revision2/programs/hpo__rep3/v1.py,0.23600153010671138,0.5315505267536229,0.6833881861389748,S
hpo__rep3,HPO,3,2,0.49203499769795705,False,8,200,7391e7bd635d055f5cdba8c6f39c2ee88664b79c7ed11501bd9d25945253cd79,table_data/current_diagnostics_20260920/data/revision2/programs/hpo__rep3/v2.py,0.21088408892345883,0.4406884715518822,0.6118435587054653,S
hpo__rep3,HPO,3,3,0.45481396648152483,False,8,200,603d1e3a325363b2c10da18600f9f7491cc39b630e89eedca92faf501b536e81,table_data/current_diagnostics_20260920/data/revision2/programs/hpo__rep3/v3.py,0.11255926665383895,0.43306944079687454,0.5055511930790422,S
hpo__rep3,HPO,3,4,0.2897308560054676,False,8,200,48ef9fcdf26455a4b2fe949b30210b0e0d9bb73e97bc0e8e9ce7b95376f4e113,table_data/current_diagnostics_20260920/data/revision2/programs/hpo__rep3/v4.py,0.08725602807380789,0.2486752249286881,0.38552732851795324,S
hpo__rep3,HPO,3,5,0.5968648900616962,False,8,200,e293703c465788b7e118aa427517cebe801e62e838efb1b1953ff652af17c3c5,table_data/current_diagnostics_20260920/data/revision2/programs/hpo__rep3/v5.py,0.3482385274442789,0.5456023407536876,0.7164775051137161,S
hpo__rep3,HPO,3,6,0.607157843380581,True,8,200,34df7052eb3c60d7c6fce9fe999a3937819bca430f52249636770fdc9e0b5d63,table_data/current_diagnostics_20260920/data/revision2/programs/hpo__rep3/v6.py,0.36900030390907335,0.5778631816456276,0.6755120540954722,S
